"Click Date","Install Date","Device Id","Device Name",MAC,IDFV,IDFV_OLD,IDFV_NEW,IDFA,IDFA_OLD,IDFA_NEW,GDID,"Sub Publisher",Country,IP,"Glispa Click ID"
"2016-11-01 00:38:39","2016-11-01 00:47:21",290F554B-AE0D-4E59-9F8A-7E71B9F8C5D1,"iPad2,2",02:00:00:00:00:00,736FEE2A-1652-4197-858E-015F9CECE124,9A71A1E2-95C0-4F70-865B-FF502621E4D7,736FEE2A-1652-4197-858E-015F9CECE124,290F554B-AE0D-4E59-9F8A-7E71B9F8C5D1,A9DE4C53-1014-4DF0-8F3F-6E887BA7417C,290F554B-AE0D-4E59-9F8A-7E71B9F8C5D1,5919091830,CD41951,RU,109.252.26.78,CD41951p1561_84eac22b768f___2119552___2185832___87954162-9fcb-11e6-a2a7-1140e36ed27b
"2016-11-01 02:10:06","2016-11-01 02:14:49",4CD5867F-3B43-49D3-A61B-D2602F4E5275,"iPad2,2",02:00:00:00:00:00,C6D95263-FF1F-4D28-A42F-78493790CA52,736FEE2A-1652-4197-858E-015F9CECE124,C6D95263-FF1F-4D28-A42F-78493790CA52,4CD5867F-3B43-49D3-A61B-D2602F4E5275,290F554B-AE0D-4E59-9F8A-7E71B9F8C5D1,4CD5867F-3B43-49D3-A61B-D2602F4E5275,5919154272,CD41951,RU,109.252.26.78,CD41951p2190_7e0683e1d34e___2119552___2185832___4d287622-9fd8-11e6-bf17-1140e3a2a31c
"2016-11-01 04:40:55","2016-11-01 04:43:25",077E384A-B7E1-42DC-917E-842C4341B9F2,"iPad2,5",02:00:00:00:00:00,8F6E1AC4-3369-45ED-B3CE-54D8592BE18B,,,077E384A-B7E1-42DC-917E-842C4341B9F2,,,5919255082,CD41951,RU,95.110.16.48,CD41951p2870___2119552___2185832___5f71c5ee-9fed-11e6-8df2-1140e42433f9
"2016-11-01 05:02:15","2016-11-01 05:04:29",E82931BF-28D9-47FF-982F-8CDA9F3F6A00,"iPad2,7",02:00:00:00:00:00,B32CB2DB-F452-415D-A771-AE5EB2C1268F,,,E82931BF-28D9-47FF-982F-8CDA9F3F6A00,,,5919269512,CD41951,RU,2.62.3.221,CD41951p2870___2119552___2185832___5a13a632-9ff0-11e6-b4a0-114116bb084f
"2016-11-01 05:08:49","2016-11-01 05:14:52",BF2C43C8-F811-4542-9D42-776BA954E7F8,"iPhone6,1",02:00:00:00:00:00,DF89D1CF-DA96-47C9-AC5E-9EC72051A1E6,,,BF2C43C8-F811-4542-9D42-776BA954E7F8,,,5826852696,CD41951,RU,5.138.200.144,CD41951p1561_19e0e38f81f6___2119552___2185832___45817c5c-9ff1-11e6-827c-1140e4c45733
"2016-11-01 05:25:27","2016-11-01 05:27:56",43F98CDE-71BA-4F39-9A42-47F84C34CC82,"iPad2,7",02:00:00:00:00:00,A0A9543E-151D-4103-96CF-2B4CD4DE711A,,,43F98CDE-71BA-4F39-9A42-47F84C34CC82,,,5822818876,CD41951,RU,46.174.113.120,CD41951p1561_c6bfa84ecfb1___2119552___2185832___97ed270a-9ff3-11e6-bff9-1140042ca087
"2016-11-01 06:18:28","2016-11-01 06:20:20",4A5B01E4-D1B5-446B-A595-C02838F13BFC,"iPhone5,2",02:00:00:00:00:00,6BA53667-3AC8-4ECC-88A5-215C427F4410,2782D7D2-BD10-4406-9501-9D8C5183E2B9,6BA53667-3AC8-4ECC-88A5-215C427F4410,4A5B01E4-D1B5-446B-A595-C02838F13BFC,B67D038D-050F-4147-9491-54C71F2C1CD8,4A5B01E4-D1B5-446B-A595-C02838F13BFC,5919319275,CD41951,RU,109.252.45.130,CD41951p1561_79b316d6f70f___2119552___2185832___00864c5e-9ffb-11e6-b907-11407fd6083d
"2016-11-01 06:18:16","2016-11-01 06:20:50",AB560FC9-F2B7-483E-949A-1F04D6E0300A,"iPhone8,1",02:00:00:00:00:00,D5AF05A2-4E50-4F6A-828A-7694D9266EE0,,,AB560FC9-F2B7-483E-949A-1F04D6E0300A,,,5919319378,CD41951,RU,136.169.165.155,CD41951p1561_84eac22b768f___2119552___2185832___f7393cf6-9ffa-11e6-b116-11407fce6143
"2016-11-01 06:31:45","2016-11-01 06:34:26",ED955CB1-059E-4D17-B7A7-2ED37184F4E8,"iPhone5,2",02:00:00:00:00:00,CB50F107-FAA0-4169-8832-125F4522F714,6BA53667-3AC8-4ECC-88A5-215C427F4410,CB50F107-FAA0-4169-8832-125F4522F714,ED955CB1-059E-4D17-B7A7-2ED37184F4E8,4A5B01E4-D1B5-446B-A595-C02838F13BFC,ED955CB1-059E-4D17-B7A7-2ED37184F4E8,5919328379,CD41951,RU,109.252.45.130,CD41951p1561_86a4ae4dfabc___2119552___2185832___db5d740a-9ffc-11e6-a107-114004b66643
"2016-11-01 06:47:47","2016-11-01 06:49:37",E94ABC9F-4716-4E60-B4AB-C8B34AF8F6FC,"iPhone5,2",02:00:00:00:00:00,B2421DF0-9DB0-4BA8-ABB2-77A49A4548A4,CB50F107-FAA0-4169-8832-125F4522F714,B2421DF0-9DB0-4BA8-ABB2-77A49A4548A4,E94ABC9F-4716-4E60-B4AB-C8B34AF8F6FC,ED955CB1-059E-4D17-B7A7-2ED37184F4E8,E94ABC9F-4716-4E60-B4AB-C8B34AF8F6FC,5919338263,CD41951,RU,109.252.45.130,CD41951p1561_b32a96698d40___2119552___2185832___18a6909c-9fff-11e6-95bf-1140ec82b4c0
"2016-11-01 06:42:30","2016-11-01 06:49:54",934C5CB4-A828-4B38-BB8D-272684391C45,"iPad3,3",02:00:00:00:00:00,E4423ECB-A83D-4B4F-93AC-85A608C058CC,,,934C5CB4-A828-4B38-BB8D-272684391C45,,,5919338462,CD41951,RU,188.0.188.244,CD41951p2870___2119552___2185832___5b68fdf8-9ffe-11e6-80cb-1140040a2b50
"2016-11-01 06:59:54","2016-11-01 07:04:58",1771267D-D058-488E-88C2-58B1807392C0,"iPhone6,2",02:00:00:00:00:00,87D5D793-7A5B-4E23-AFCD-98ACB9672850,,,1771267D-D058-488E-88C2-58B1807392C0,,,5919348426,CD41951,RU,171.33.253.133,CD41951p1561_52704597ba36___2119552___2185832___c9e01238-a000-11e6-a562-1140ecc7b9f6
"2016-11-01 06:27:02","2016-11-01 07:07:26",AAF4BBC7-7F7A-4604-B2EF-A0FD4BCD725D,"iPhone6,1",02:00:00:00:00:00,E7CD55EA-2678-4FCA-9162-09EBE79A7F49,,,AAF4BBC7-7F7A-4604-B2EF-A0FD4BCD725D,,,5919350151,CD41951,RU,2.93.6.150,CD41951p2870___2119552___2185832___32becb1e-9ffc-11e6-be03-11407f1f163f
"2016-11-01 07:07:13","2016-11-01 07:09:43",A864D5D8-EC1E-4A8A-957D-85A0F806486A,"iPhone5,2",02:00:00:00:00:00,276E4E9D-CAE7-4FD5-8A9D-4A1B74302637,B2421DF0-9DB0-4BA8-ABB2-77A49A4548A4,276E4E9D-CAE7-4FD5-8A9D-4A1B74302637,A864D5D8-EC1E-4A8A-957D-85A0F806486A,E94ABC9F-4716-4E60-B4AB-C8B34AF8F6FC,A864D5D8-EC1E-4A8A-957D-85A0F806486A,5919352113,CD41951,RU,109.252.45.130,CD41951p488_04e65ff7832b___2119552___2185832___cf014560-a001-11e6-b913-11407f1df13b
"2016-11-01 07:15:58","2016-11-01 07:20:30",7A8F8D67-AA7E-484D-9F62-229EB0D59F62,"iPhone4,1",02:00:00:00:00:00,4438264B-D39A-405E-ACAE-F5F7513CB098,F19AD2E2-F4D9-43C8-BECF-A8D3EF677567,4438264B-D39A-405E-ACAE-F5F7513CB098,7A8F8D67-AA7E-484D-9F62-229EB0D59F62,7A8F8D67-AA7E-484D-9F62-229EB0D59F62,7A8F8D67-AA7E-484D-9F62-229EB0D59F62,5890905641,CD41951,RU,5.167.174.147,CD41951p1561_fa205e11ccee___2119552___2185832___08060e26-a003-11e6-bb44-114004c645e1
"2016-11-01 07:19:02","2016-11-01 07:24:58",E869BA29-0A7B-4A7C-A808-DFFE1E442002,"iPhone4,1",02:00:00:00:00:00,9AED1B3D-0608-4E31-ABB6-F5A43AE485BD,,,E869BA29-0A7B-4A7C-A808-DFFE1E442002,,,4316644488,CD41951,RU,5.158.232.252,CD41951p488_04e65ff7832b___2119552___2185832___75a175b0-a003-11e6-89fc-1140eb321682
"2016-11-01 06:56:23","2016-11-01 07:29:18",D8C265A3-D756-46C2-9F15-A8422E544080,"iPhone6,2",02:00:00:00:00:00,285041E0-5BBD-4EF2-8233-E91C8607380F,01F5341E-1C29-4C31-A94A-97BCF791BCA8,285041E0-5BBD-4EF2-8233-E91C8607380F,D8C265A3-D756-46C2-9F15-A8422E544080,D8C265A3-D756-46C2-9F15-A8422E544080,D8C265A3-D756-46C2-9F15-A8422E544080,5919364226,CD41951,RU,128.140.166.26,CD41951p1561_fa205e11ccee___2119552___2185832___4bae18b0-a000-11e6-933b-1140ecb44d74
"2016-11-01 07:34:00","2016-11-01 07:41:17",00000000-0000-0000-0000-000000000000,"iPhone6,2",02:00:00:00:00:00,335E095A-6991-4049-B9A9-0604D67B840F,,,00000000-0000-0000-0000-000000000000,,,5370663086,CD41951,RU,46.191.168.127,CD41951p2870___2119552___2185832___8c69b3dc-a005-11e6-a689-11407fb45042
"2016-11-01 08:07:05","2016-11-01 08:07:57",00000000-0000-0000-0000-000000000000,"iPhone7,2",02:00:00:00:00:00,F52C4840-263E-418A-A9E3-CDA0B3F874EA,,,00000000-0000-0000-0000-000000000000,,,5919384690,CD41951,RU,5.100.94.19,CD41951p1561_dccbd2832899___2119552___2185832___2c11c7d6-a00a-11e6-b570-116073824f64
"2016-11-01 08:10:58","2016-11-01 08:21:53",00000000-0000-0000-0000-000000000000,"iPhone5,3",02:00:00:00:00:00,D49DC854-0541-4CF8-96FE-EB4B6CC237D7,3638D8A7-A34B-40D3-AD14-C017B0156F6A,D49DC854-0541-4CF8-96FE-EB4B6CC237D7,00000000-0000-0000-0000-000000000000,00000000-0000-0000-0000-000000000000,00000000-0000-0000-0000-000000000000,5919404604,CD41951,RU,46.191.254.60,CD41951p1561_97db712393e1___2119552___2185832___b6fa0552-a00a-11e6-92e6-1140e39472eb
"2016-11-01 07:55:18","2016-11-01 08:25:30",B218430F-8DD0-4AE6-B470-351D12DFF7E6,"iPhone6,2",02:00:00:00:00:00,27302213-7BF5-49E1-83BD-92162723B00C,,,B218430F-8DD0-4AE6-B470-351D12DFF7E6,,,5919405937,CD41951,RU,176.212.235.4,CD41951p1561_86a4ae4dfabc___2119552___2185832___8750a484-a008-11e6-b4e1-1140ec39aaba
"2016-11-01 08:07:28","2016-11-01 08:25:58",116B530F-A6CF-4402-BF14-9ADC5C77A34A,"iPhone6,2",02:00:00:00:00:00,5BDDA5CD-5FE2-4A92-9DB5-1763CF6E400F,,,116B530F-A6CF-4402-BF14-9ADC5C77A34A,,,5919408237,CD41951,RU,188.122.236.74,CD41951p2870___2119552___2185832___3a7274f6-a00a-11e6-aaaa-1140e224b8ed
"2016-11-01 08:11:43","2016-11-01 08:27:42",3E497133-BDDF-4FF0-B246-6FF72FC8EF26,"iPhone6,2",02:00:00:00:00:00,9019B78F-DCCB-4734-A30E-72CB9F298691,,,3E497133-BDDF-4FF0-B246-6FF72FC8EF26,,,5919409115,CD41951,RU,109.126.227.109,CD41951p1561_86a4ae4dfabc___2119552___2185832___d1d5589a-a00a-11e6-823f-1140eb764bd7
"2016-11-01 08:37:01","2016-11-01 08:39:41",00000000-0000-0000-0000-000000000000,"iPhone8,4",02:00:00:00:00:00,D034B24B-9727-4DEE-96EF-A067BDAD87E0,,,00000000-0000-0000-0000-000000000000,,,5919418557,CD41951,RU,178.129.160.69,CD41951p1561_b7459a9dfdbb___2119552___2185832___5b3b6180-a00e-11e6-aab2-114004c2fa11
"2016-11-01 08:48:41","2016-11-01 08:51:41",A261B31C-E702-4170-A5DF-B04DF56A9519,"iPad2,1",02:00:00:00:00:00,C1D2F238-1A27-4BCF-BD3B-3A5E8D95BA77,,,A261B31C-E702-4170-A5DF-B04DF56A9519,,,5919428334,CD41951,RU,89.169.39.115,CD41951p1561_84eac22b768f___2119552___2185832___fc1cb6ca-a00f-11e6-ad8f-1140e387502d
"2016-11-01 08:54:59","2016-11-01 08:58:47",81930A1E-2FF5-4E7A-AEC5-8655D80BB837,"iPhone6,2",02:00:00:00:00:00,A8591FC5-20A9-49D4-9D98-2EEEE0D728DD,,,81930A1E-2FF5-4E7A-AEC5-8655D80BB837,,,5919433372,CD41951,RU,95.78.17.47,CD41951p1561_79b316d6f70f___2119552___2185832___ddc47a04-a010-11e6-8670-1140eb8c0019
"2016-11-01 09:08:08","2016-11-01 09:10:01",03892787-4D16-404F-ACE0-BEA65F065964,"iPhone6,1",02:00:00:00:00:00,F1EDB793-C894-4907-A7A7-FE06D82E6994,,,03892787-4D16-404F-ACE0-BEA65F065964,,,5919443444,CD41951,RU,94.241.219.117,CD41951p2870___2119552___2185832___b384df02-a012-11e6-99ef-1140ebd21060
"2016-11-01 09:04:52","2016-11-01 09:16:56",83F16335-80C3-4F7E-A730-C3A6BA4878C4,"iPad2,5",02:00:00:00:00:00,B7DBD60B-36FB-4197-902A-AD1CAED04FF2,,,83F16335-80C3-4F7E-A730-C3A6BA4878C4,,,3266679593,CD41951,RU,84.18.118.250,CD41951p492_82a1ee33bdaa___2119552___2185832___3e8afc7c-a012-11e6-a999-11407f0da5eb
"2016-11-01 09:17:59","2016-11-01 09:35:49",F21CA116-16E7-4AE1-8EA2-456757C00A65,"iPad3,6",02:00:00:00:00:00,7A050768-EFBC-4687-9C91-FB973DE04AB1,,,F21CA116-16E7-4AE1-8EA2-456757C00A65,,,5510681072,CD41951,RU,188.187.81.57,CD41951p1561_79d690690720___2119552___2185832___13caebee-a014-11e6-84c3-1140ec439f00
"2016-11-01 09:33:17","2016-11-01 09:37:17",00B27A0B-BD0C-4FD5-9665-D61070F0B724,"iPhone6,1",02:00:00:00:00:00,2BAB5C95-42EF-41B8-9713-026F147A59A3,E1E4BF44-4F6B-4F0C-AFE0-0311E05D1A00,2BAB5C95-42EF-41B8-9713-026F147A59A3,00B27A0B-BD0C-4FD5-9665-D61070F0B724,00B27A0B-BD0C-4FD5-9665-D61070F0B724,00B27A0B-BD0C-4FD5-9665-D61070F0B724,5887755998,CD41951,RU,95.32.81.213,CD41951p1561_97db712393e1___2119552___2185832___37734486-a016-11e6-b89f-1140e2456b35
"2016-11-01 09:47:15","2016-11-01 09:50:16",228AA1BC-4B4C-43F2-BABF-2AF174A63067,"iPad2,1",02:00:00:00:00:00,51D5E8CA-92BB-45DB-A7DD-046FD909B865,,,228AA1BC-4B4C-43F2-BABF-2AF174A63067,,,4615543038,CD41951,UA,77.123.194.24,CD41951p1561_b0b844fed44d___2119552___2185832___2ad56ebe-a018-11e6-a64e-1140e2966fb5
"2016-11-01 09:48:24","2016-11-01 09:51:39",1A455B7B-2468-40CE-9F75-736E4A3EDB49,"iPad4,2",02:00:00:00:00:00,1800057A-3944-40D0-B3A6-F101173EEB2D,,,1A455B7B-2468-40CE-9F75-736E4A3EDB49,,,4141441989,CD41951,RU,95.153.128.112,CD41951p2300_a86d964e04fe___2119552___2185832___53655cc2-a018-11e6-ac8c-1140e311bc6e
"2016-11-01 09:53:57","2016-11-01 09:57:33",9CAB531C-9076-48F8-A8BD-F55C4DF4BF44,"iPhone4,1",02:00:00:00:00:00,4C1C5B81-D62D-4399-94B1-83916D054C4E,,,9CAB531C-9076-48F8-A8BD-F55C4DF4BF44,,,3789058124,CD41951,RU,185.57.30.132,CD41951p211_d82438c13688___2119552___2185832___187afe54-a019-11e6-be95-1161003b7815
"2016-11-01 09:53:49","2016-11-01 09:57:45",9E0BC73A-7ABA-4A25-B0DD-391F95BA0A79,"iPhone4,1",02:00:00:00:00:00,CED10E2A-2F3F-470B-A3F5-DA5C0F6EEFA8,,,9E0BC73A-7ABA-4A25-B0DD-391F95BA0A79,,,5623707542,CD41951,RU,176.210.240.46,CD41951p1561_cef703fea6b5___2119552___2185832___14348d56-a019-11e6-88bf-1140e329da0a
"2016-11-01 09:48:49","2016-11-01 10:05:00",68455A54-134F-467D-B7ED-BC941A69D83E,"iPhone5,2",02:00:00:00:00:00,972112DF-6918-4EB7-A007-D3B0E5A4B4C9,,,68455A54-134F-467D-B7ED-BC941A69D83E,,,5835506154,CD41951,RU,178.34.160.243,CD41951p1561_86a4ae4dfabc___2119552___2185832___62889c96-a018-11e6-8cbf-1140e311ef0c
"2016-11-01 09:53:01","2016-11-01 10:05:30",FF0170B5-96C0-41D8-B416-5CA7DD8977F9,"iPhone4,1",02:00:00:00:00:00,CD8C8DF3-C56C-45E2-9632-93355FCB6719,,,FF0170B5-96C0-41D8-B416-5CA7DD8977F9,,,5919493446,CD41951,RU,217.118.93.183,CD41951p2897_7b4e27e77ff0___2119552___2185832___f7755934-a018-11e6-aa24-1140e32959a0
"2016-11-01 10:03:09","2016-11-01 10:08:40",F5D6C2CC-F41A-4AA8-A1A3-531B5229C2CD,"iPad3,6",02:00:00:00:00:00,F92BCE48-ADF5-498B-B9B2-3E9063C74757,,,F5D6C2CC-F41A-4AA8-A1A3-531B5229C2CD,,,5919496620,CD41951,RU,31.135.83.51,CD41951p1561_97db712393e1___2119552___2185832___63ac24f6-a01a-11e6-91b0-1140ec64ec27
"2016-10-28 03:25:25","2016-11-01 10:23:31",E87BD0A6-6586-4013-ADE3-DB33A1A6B544,"iPhone4,1",02:00:00:00:00:00,044FFFBA-FA27-4C50-87B4-C4B5BFCF78D4,,,E87BD0A6-6586-4013-ADE3-DB33A1A6B544,,,5919510376,c3a07bd5901823597c831f039db5b2b7,fr,176.59.106.192,
"2016-11-01 09:31:55","2016-11-01 10:36:41",032568F0-7710-4136-A4CA-D2091A0EA018,"iPhone4,1",02:00:00:00:00:00,87B1A8BC-C8D0-4117-A735-CFB3C53350A2,,,032568F0-7710-4136-A4CA-D2091A0EA018,,,5919523384,CD41951,RU,213.87.153.21,CD41951p2357_a2135de4b7fe___2119552___2185832___06668f56-a016-11e6-9891-1140eb74b3a1
"2016-11-01 09:51:22","2016-11-01 10:36:46",F0D7FB4D-531A-42B1-AF84-DC63F7A4B5B4,"iPad2,2",02:00:00:00:00:00,F2903FB7-0D7E-4D79-862C-ED776D871192,,,F0D7FB4D-531A-42B1-AF84-DC63F7A4B5B4,,,5834395835,CD41951,RU,79.172.115.33,CD41951p1561_38a74db13ea6___2119552___2185832___bdf24276-a018-11e6-b3c9-1140e31e1952
"2016-11-01 05:04:37","2016-11-01 11:42:27",87DBEFAE-6F45-4549-8166-8119FEDEFBCB,"iPhone5,4",02:00:00:00:00:00,99475460-D190-41D4-820C-67E5B8BD4D8F,CBCEC0C0-1EF4-4444-8C71-DA9110CE2710,99475460-D190-41D4-820C-67E5B8BD4D8F,87DBEFAE-6F45-4549-8166-8119FEDEFBCB,87DBEFAE-6F45-4549-8166-8119FEDEFBCB,87DBEFAE-6F45-4549-8166-8119FEDEFBCB,5873783586,CD31341,RU,217.118.79.34,CD31341p250616___2119552___2185832___5163373495141172___A01033-250616___
"2016-11-01 15:11:21","2016-11-01 15:10:06",837DAC18-4F8C-4ABD-9014-04F2353B3BEC,"iPad3,6",02:00:00:00:00:00,4173BCC7-F043-4597-9334-9D63EF52980E,,,837DAC18-4F8C-4ABD-9014-04F2353B3BEC,,,5919834196,CD31341,RU,31.135.83.51,CD31341p59774___2119552___2185832___4313964660259979___A01033-59774___4603
"2016-11-01 16:25:49","2016-11-01 16:34:50",A700B8C5-2AAA-4AB9-AFD6-F108886EEE54,"iPhone6,1",02:00:00:00:00:00,8DB9AB7C-88C0-49ED-BC1B-CD47C6018306,,,A700B8C5-2AAA-4AB9-AFD6-F108886EEE54,,,5351134406,CD31341,RU,95.153.132.73,CD31341p59774___2119552___2185832___6635907921047351___A01033-59774___4603
"2016-11-01 17:13:40","2016-11-01 17:15:03",DB811F8F-2A99-4DB4-A459-D0A49A04ECB1,"iPad4,2",02:00:00:00:00:00,AC22C6E8-5E34-4911-98F1-0FC75A859DE9,,,DB811F8F-2A99-4DB4-A459-D0A49A04ECB1,,,3722764478,CD31341,RU,93.123.173.151,CD31341p59774___2119552___2185832___9090978685857314___A01033-59774___4603
"2016-10-28 03:13:37","2016-11-01 17:59:43",34B83DE3-F9F4-434E-A3F3-1ACD13BEA410,"iPhone7,2",02:00:00:00:00:00,D172167E-2C21-4967-8D63-027627802F56,,,34B83DE3-F9F4-434E-A3F3-1ACD13BEA410,,,5920018871,c3a07bd5901823597c831f039db5b2b7,fr,37.21.188.22,
"2016-11-01 08:20:38","2016-11-01 18:42:05",A8BD4FF1-9921-4BB4-AFAB-34531C192FC2,"iPhone6,2",02:00:00:00:00:00,60E50852-02B2-4FAF-A691-91EFB04A0F8E,,,A8BD4FF1-9921-4BB4-AFAB-34531C192FC2,,,5920059977,CD41951,RU,217.118.93.188,CD41951p492_26d169e1607a___2119552___2185832___110957a4-a00c-11e6-9bef-11407fe0a1a9
"2016-11-01 06:06:17","2016-11-01 20:03:38",ADCC94A4-6CD0-46E2-BA7E-DA97449ABD51,"iPhone3,1",02:00:00:00:00:00,D02D918F-7E36-4B8F-B9F8-A62565920378,,,ADCC94A4-6CD0-46E2-BA7E-DA97449ABD51,,,5752890795,CD41951,RU,95.153.135.167,CD41951p2177_d461af72df40___2119552___2185832___4bf9a9bc-9ff9-11e6-92cb-1140e378771f
"2016-11-01 20:31:37","2016-11-01 20:34:23",280D9CDD-A5E1-4D7D-A543-E19DE771EC67,"iPhone5,2",02:00:00:00:00:00,705799AC-9373-4F6A-852A-E0D83A692B78,276E4E9D-CAE7-4FD5-8A9D-4A1B74302637,705799AC-9373-4F6A-852A-E0D83A692B78,280D9CDD-A5E1-4D7D-A543-E19DE771EC67,A864D5D8-EC1E-4A8A-957D-85A0F806486A,280D9CDD-A5E1-4D7D-A543-E19DE771EC67,5920161032,CD31341,RU,109.252.45.226,CD31341p59774___2119552___2185832___0806512297888080___A01033-59774___4603
"2016-11-01 15:04:32","2016-11-01 21:25:04",F8C6A662-70B9-4AB1-97BB-AD5AC74F011B,"iPhone7,2",02:00:00:00:00:00,C8F452F8-C844-4AC7-AF12-8367026EF157,,,F8C6A662-70B9-4AB1-97BB-AD5AC74F011B,,,5920201469,CD31341,GE,91.231.218.128,CD31341p241304___2119552___2185832___4320513116336039___A01033-241304___
"2016-11-01 23:27:45","2016-11-01 23:38:25",A5728616-534F-4AD6-88EB-ADC606B9469B,"iPhone4,1",02:00:00:00:00:00,CC070D22-481F-485A-8C3B-EE5F03688A78,,,A5728616-534F-4AD6-88EB-ADC606B9469B,,,5920300703,CD31341,RU,5.18.228.28,CD31341p59774___2119552___2185832___6554675765982160___A01033-59774___4603
"2016-11-01 05:18:51","2016-11-02 05:22:43",DDBB6F49-2692-47A0-802B-C3410C1ECC2C,"iPad4,2",02:00:00:00:00:00,5348FAEB-D400-4BEA-932E-4A47A3AFC98C,,,DDBB6F49-2692-47A0-802B-C3410C1ECC2C,,,3306524317,CD41951,RU,5.175.115.169,CD41951p952___2119552___2185832___ac49756a-9ff2-11e6-95b6-1140e2e619c0
"2016-11-02 07:08:10","2016-11-02 07:10:19",F50C7114-3F1A-468E-A8CF-2E419A060F34,"iPad2,5",02:00:00:00:00:00,ACD8BE1F-47C7-4CB5-BDFB-843ECA946A38,417C2073-495E-47BB-B8E9-401BA5596560,ACD8BE1F-47C7-4CB5-BDFB-843ECA946A38,F50C7114-3F1A-468E-A8CF-2E419A060F34,DDDAE1C1-D383-424C-8573-0E4A2801FCCF,F50C7114-3F1A-468E-A8CF-2E419A060F34,5920606284,CD31341,RU,95.104.235.113,CD31341p40659___2119552___2185832___2065599079561311___A01033-40659___
"2016-11-02 06:32:57","2016-11-02 08:51:36",972B40DD-49E1-4073-9BF6-84A1C02EA9B4,"iPhone6,2",02:00:00:00:00:00,B803C854-5290-4369-9B4B-93044D370495,,,972B40DD-49E1-4073-9BF6-84A1C02EA9B4,,,3710089914,CD31341,RU,85.115.248.9,CD31341p59774___2119552___2185832___8153435039752381___A01033-59774___4603
"2016-11-02 09:04:41","2016-11-02 09:07:03",5AEA1ED4-614A-4025-A8D7-6FFFC621EB15,"iPad2,5",02:00:00:00:00:00,0A7F090D-79A6-48A3-B341-706AAF88AE21,ACD8BE1F-47C7-4CB5-BDFB-843ECA946A38,0A7F090D-79A6-48A3-B341-706AAF88AE21,5AEA1ED4-614A-4025-A8D7-6FFFC621EB15,F50C7114-3F1A-468E-A8CF-2E419A060F34,5AEA1ED4-614A-4025-A8D7-6FFFC621EB15,5920684867,CD31341,RU,95.104.210.4,CD31341p40659___2119552___2185832___3658316610253907___A01033-40659___
"2016-11-02 09:40:30","2016-11-02 09:50:04",A509D375-43B2-4E09-A0B5-A3705A9C86DD,"iPhone8,1",02:00:00:00:00:00,23BB5A70-6B9B-458E-91E5-58673DBAACF9,,,A509D375-43B2-4E09-A0B5-A3705A9C86DD,,,5920719155,CD31341,RU,37.113.176.122,CD31341p59774___2119552___2185832___4985621822556304___A01033-59774___4603
"2016-11-02 10:43:12","2016-11-02 10:45:02",65A5117F-57E7-4F77-9C71-C112FCF43AFC,"iPhone5,3",02:00:00:00:00:00,F0C633D8-5DBB-4B4A-9354-4C68B5ADF488,,,65A5117F-57E7-4F77-9C71-C112FCF43AFC,,,5920766630,CD31341,RU,5.18.61.239,CD31341p59774___2119552___2185832___6822497175690432___A01033-59774___4603
"2016-11-02 10:48:13","2016-11-02 10:51:12",FF688C6D-5BB2-465E-857E-95E4C71A97B5,"iPhone6,2",02:00:00:00:00:00,8D49DA88-AB04-480B-9CF9-3ADEDFE42CA6,,,FF688C6D-5BB2-465E-857E-95E4C71A97B5,,,5920772124,CD31341,RU,78.81.180.239,CD31341p59774___2119552___2185832___3822333390830795___A01033-59774___4603
"2016-11-02 08:44:18","2016-11-02 11:35:16",249A155B-E67F-493E-82D6-9D36BB03F8D1,"iPhone8,4",02:00:00:00:00:00,44A372EF-28F3-44DC-BB37-920DEEE8CBA5,,,249A155B-E67F-493E-82D6-9D36BB03F8D1,,,5920814438,CD31341,RU,217.118.78.122,CD31341p59774___2119552___2185832___3427012929007879___A01033-59774___4603
"2016-11-02 12:05:20","2016-11-02 12:11:06",00000000-0000-0000-0000-000000000000,"iPhone5,2",02:00:00:00:00:00,FD0CE3FF-ED04-496D-9C18-745079EE6DBD,,,00000000-0000-0000-0000-000000000000,,,5920851509,CD31341,RU,188.123.241.47,CD31341p59774___2119552___2185832___9783042401723331___A01033-59774___4603
"2016-11-02 12:23:06","2016-11-02 12:24:51",20484665-41CE-423D-BA17-B3817DA309DE,"iPhone5,2",02:00:00:00:00:00,EFC5203A-B7F2-4045-9515-6310588CB166,705799AC-9373-4F6A-852A-E0D83A692B78,EFC5203A-B7F2-4045-9515-6310588CB166,20484665-41CE-423D-BA17-B3817DA309DE,280D9CDD-A5E1-4D7D-A543-E19DE771EC67,20484665-41CE-423D-BA17-B3817DA309DE,5920866106,CD31341,RU,109.252.45.226,CD31341p59774___2119552___2185832___3131462307162607___A01033-59774___4603
"2016-11-02 12:40:22","2016-11-02 12:42:18",40FC5898-0E06-45FE-BC06-7E49A8E17FE8,"iPhone6,2",02:00:00:00:00:00,C9EE5E6F-3046-4B98-BE0E-F90471E03AFA,,,40FC5898-0E06-45FE-BC06-7E49A8E17FE8,,,5083396762,CD31341,RU,5.164.106.49,CD31341p59774___2119552___2185832___0522228140766566___A01033-59774___4603
"2016-11-02 12:41:12","2016-11-02 12:44:01",BBB105D5-02C7-47CD-B55D-9A566E599E0A,"iPhone8,1",02:00:00:00:00:00,B509B321-D26F-4521-8393-4A9C575D6EEB,,,BBB105D5-02C7-47CD-B55D-9A566E599E0A,,,5920887065,CD31341,RU,178.155.5.176,CD31341p59774___2119552___2185832___8145521556893502___A01033-59774___4603
"2016-11-02 13:55:50","2016-11-02 12:59:16",1FA3BA68-5451-45A2-8443-0D3CE8265145,"iPhone3,1",02:00:00:00:00:00,C0F7E78B-D4A9-4B1E-8C9A-50CBD573EA22,,,1FA3BA68-5451-45A2-8443-0D3CE8265145,,,5920974371,CD31341,RU,46.47.54.38,CD31341p59774___2119552___2185832___7012249557342328___A01033-59774___4603
"2016-11-02 13:14:45","2016-11-02 13:16:59",08982B46-2D26-4F5B-ADD3-7284CD9AFD80,"iPad2,5",02:00:00:00:00:00,23971393-342F-4214-8C96-D35837ECE458,0A7F090D-79A6-48A3-B341-706AAF88AE21,23971393-342F-4214-8C96-D35837ECE458,08982B46-2D26-4F5B-ADD3-7284CD9AFD80,5AEA1ED4-614A-4025-A8D7-6FFFC621EB15,08982B46-2D26-4F5B-ADD3-7284CD9AFD80,5920924271,CD31341,RU,95.104.223.14,CD31341p59774___2119552___2185832___9836935834165198___A01033-59774___4603
"2016-11-02 13:24:13","2016-11-02 13:27:40",D4419700-A1C0-4AD2-AC24-6287AF2B5776,"iPhone5,1",02:00:00:00:00:00,11112712-2043-42C5-8989-E4C340FF4D96,695C70FF-F635-4D04-9387-D540380C7B6B,11112712-2043-42C5-8989-E4C340FF4D96,D4419700-A1C0-4AD2-AC24-6287AF2B5776,D4419700-A1C0-4AD2-AC24-6287AF2B5776,D4419700-A1C0-4AD2-AC24-6287AF2B5776,5023458510,CD31341,RU,93.185.28.42,CD31341p59774___2119552___2185832___3619242730507257___A01033-59774___4603
"2016-11-02 13:22:55","2016-11-02 13:43:57",7E16F4F5-DEEA-4B28-9275-CA1153ED833B,"iPhone6,2",02:00:00:00:00:00,A2D371A5-E59B-43B3-9DC0-F17E9199FD1D,,,7E16F4F5-DEEA-4B28-9275-CA1153ED833B,,,5866990249,CD31341,RU,46.63.253.254,CD31341p59774___2119552___2185832___1961288015892756___A01033-59774___4603
"2016-11-02 13:38:53","2016-11-02 13:47:45",5042F233-5491-4CD1-ABA3-396415724914,"iPad2,5",02:00:00:00:00:00,EE37843C-10DD-43BE-938B-38DE7DD320A1,,,5042F233-5491-4CD1-ABA3-396415724914,,,3810598680,CD31341,RU,188.162.36.12,CD31341p59774___2119552___2185832___2670215634437194___A01033-59774___4603
"2016-11-02 13:52:49","2016-11-02 13:55:02",E6BD120B-667A-4575-97F7-A2D381E6F3AA,"iPad2,5",02:00:00:00:00:00,B09E910E-18A6-4737-862E-30C49406954C,23971393-342F-4214-8C96-D35837ECE458,B09E910E-18A6-4737-862E-30C49406954C,E6BD120B-667A-4575-97F7-A2D381E6F3AA,08982B46-2D26-4F5B-ADD3-7284CD9AFD80,E6BD120B-667A-4575-97F7-A2D381E6F3AA,5920968146,CD31341,RU,95.104.205.254,CD31341p59774___2119552___2185832___3581371565502421___A01033-59774___4603
"2016-11-02 14:18:43","2016-11-02 14:30:58",FBC6A2BF-4B31-4763-9155-1E2C6B958E0C,"iPhone4,1",02:00:00:00:00:00,DB1E1A42-29E7-4420-BF1D-8DC9EEECCD83,,,FBC6A2BF-4B31-4763-9155-1E2C6B958E0C,,,5921009834,CD31341,RU,94.243.51.176,CD31341p59774___2119552___2185832___7791497152822783___A01033-59774___4603
"2016-11-02 14:47:14","2016-11-02 14:49:32",B88CB967-8E68-44A1-B57D-B8B33A6B2659,"iPad2,5",02:00:00:00:00:00,708E25BA-F1EA-49A0-8BBA-CAD8EAD64136,B09E910E-18A6-4737-862E-30C49406954C,708E25BA-F1EA-49A0-8BBA-CAD8EAD64136,B88CB967-8E68-44A1-B57D-B8B33A6B2659,E6BD120B-667A-4575-97F7-A2D381E6F3AA,B88CB967-8E68-44A1-B57D-B8B33A6B2659,5921031351,CD31341,RU,91.185.85.45,CD31341p59774___2119552___2185832___7336569358608124___A01033-59774___4603
"2016-11-02 14:49:31","2016-11-02 14:52:34",55AB7931-783D-49EA-AC7E-917416F9EA4C,"iPhone6,2",02:00:00:00:00:00,87B98DBA-A506-4634-8A4F-34927BD034EB,,,55AB7931-783D-49EA-AC7E-917416F9EA4C,,,5462710474,CD31341,RU,46.32.66.98,CD31341p59774___2119552___2185832___2856124596238607___A01033-59774___4603
"2016-11-02 14:52:39","2016-11-02 15:00:17",46B9D0FD-DD62-435E-9BD8-4B0BA481EF0D,"iPhone6,1",02:00:00:00:00:00,CB231D74-00E9-4D0C-9675-2224954EDD3A,,,46B9D0FD-DD62-435E-9BD8-4B0BA481EF0D,,,5921043646,CD31341,RU,95.153.133.71,CD31341p59774___2119552___2185832___3630442003882424___A01033-59774___4603
"2016-11-02 15:01:06","2016-11-02 15:10:57",522AC227-2291-409F-B5A0-A2551AAB11E2,"iPad2,2",02:00:00:00:00:00,A7AD7AC3-A163-476D-AC95-3ACFD23B3F0E,C6D95263-FF1F-4D28-A42F-78493790CA52,A7AD7AC3-A163-476D-AC95-3ACFD23B3F0E,522AC227-2291-409F-B5A0-A2551AAB11E2,4CD5867F-3B43-49D3-A61B-D2602F4E5275,522AC227-2291-409F-B5A0-A2551AAB11E2,5921055936,CD31341,RU,109.252.26.78,CD31341p59774___2119552___2185832___3861279225424357___A01033-59774___4603
"2016-11-02 15:18:54","2016-11-02 15:21:19",C2F9A8A5-5B9A-4760-AB67-3DF63986B5E8,"iPad2,5",02:00:00:00:00:00,F4C1A346-80E2-44A0-A53C-F39DBE00A1A4,708E25BA-F1EA-49A0-8BBA-CAD8EAD64136,F4C1A346-80E2-44A0-A53C-F39DBE00A1A4,C2F9A8A5-5B9A-4760-AB67-3DF63986B5E8,B88CB967-8E68-44A1-B57D-B8B33A6B2659,C2F9A8A5-5B9A-4760-AB67-3DF63986B5E8,5921067789,CD31341,RU,95.104.248.200,CD31341p59774___2119552___2185832___0823620237097080___A01033-59774___4603
"2016-11-02 15:23:49","2016-11-02 15:26:02",80605DD4-3357-43BA-BC37-9B5DA7AE3898,"iPad2,5",02:00:00:00:00:00,4DC06032-F511-4D59-A9C7-BBEB0BF06CA6,F4C1A346-80E2-44A0-A53C-F39DBE00A1A4,4DC06032-F511-4D59-A9C7-BBEB0BF06CA6,80605DD4-3357-43BA-BC37-9B5DA7AE3898,C2F9A8A5-5B9A-4760-AB67-3DF63986B5E8,80605DD4-3357-43BA-BC37-9B5DA7AE3898,5921073078,CD31341,RU,95.104.246.21,CD31341p59774___2119552___2185832___1497291508186621___A01033-59774___4603
"2016-11-02 15:32:13","2016-11-02 15:34:53",39621684-021D-49FA-96D7-B388CDE4739D,"iPad2,5",02:00:00:00:00:00,2C6D209E-D8AD-4CA6-A85B-A2169C318D6D,4DC06032-F511-4D59-A9C7-BBEB0BF06CA6,2C6D209E-D8AD-4CA6-A85B-A2169C318D6D,39621684-021D-49FA-96D7-B388CDE4739D,80605DD4-3357-43BA-BC37-9B5DA7AE3898,39621684-021D-49FA-96D7-B388CDE4739D,5921083137,CD31341,RU,95.104.239.58,CD31341p59774___2119552___2185832___6104567040582032___A01033-59774___4603
"2016-11-02 15:43:57","2016-11-02 15:46:08",75BE495B-219A-477A-9F55-8680C55C6E38,"iPad2,5",02:00:00:00:00:00,04DEC6C8-4C60-4545-80A8-3691846D6CBC,2C6D209E-D8AD-4CA6-A85B-A2169C318D6D,04DEC6C8-4C60-4545-80A8-3691846D6CBC,75BE495B-219A-477A-9F55-8680C55C6E38,39621684-021D-49FA-96D7-B388CDE4739D,75BE495B-219A-477A-9F55-8680C55C6E38,5921095669,CD31341,RU,95.104.232.172,CD31341p59774___2119552___2185832___8714732395497286___A01033-59774___4603
"2016-11-02 16:09:21","2016-11-02 16:11:35",F1748482-B08A-4B74-B0A4-14A4A1CF030E,"iPad2,5",02:00:00:00:00:00,22D30FB2-C5EC-436A-9CB5-2AD5F9A2CF6A,04DEC6C8-4C60-4545-80A8-3691846D6CBC,22D30FB2-C5EC-436A-9CB5-2AD5F9A2CF6A,F1748482-B08A-4B74-B0A4-14A4A1CF030E,75BE495B-219A-477A-9F55-8680C55C6E38,F1748482-B08A-4B74-B0A4-14A4A1CF030E,5921123511,CD31341,RU,95.104.217.123,CD31341p40659___2119552___2185832___3217036740795362___A01033-40659
"2016-11-02 16:13:35","2016-11-02 16:15:49",2309173E-36DA-413E-A529-FF6A10375C53,"iPad2,5",02:00:00:00:00:00,5C9F8BD6-E50E-431B-8502-1897840EEB16,22D30FB2-C5EC-436A-9CB5-2AD5F9A2CF6A,5C9F8BD6-E50E-431B-8502-1897840EEB16,2309173E-36DA-413E-A529-FF6A10375C53,F1748482-B08A-4B74-B0A4-14A4A1CF030E,2309173E-36DA-413E-A529-FF6A10375C53,5921127985,CD31341,RU,95.104.209.97,CD31341p59774___2119552___2185832___2706505836878227___A01033-59774___4603
"2016-11-02 16:18:06","2016-11-02 16:20:32",4C8C02A5-C4DA-4140-BB41-44CBC4E9396A,"iPad2,5",02:00:00:00:00:00,9942876B-DB74-4908-BA0B-D2561FEB6A91,5C9F8BD6-E50E-431B-8502-1897840EEB16,9942876B-DB74-4908-BA0B-D2561FEB6A91,4C8C02A5-C4DA-4140-BB41-44CBC4E9396A,2309173E-36DA-413E-A529-FF6A10375C53,4C8C02A5-C4DA-4140-BB41-44CBC4E9396A,5921133020,CD31341,RU,95.104.204.224,CD31341p59774___2119552___2185832___5537371086178026___A01033-59774___4603
"2016-11-02 16:24:18","2016-11-02 16:26:36",585ECAA8-99F5-488A-9223-D8B71F890C9F,"iPad2,5",02:00:00:00:00:00,A92C671F-35EF-4DA5-906D-AD418EE03204,9942876B-DB74-4908-BA0B-D2561FEB6A91,A92C671F-35EF-4DA5-906D-AD418EE03204,585ECAA8-99F5-488A-9223-D8B71F890C9F,4C8C02A5-C4DA-4140-BB41-44CBC4E9396A,585ECAA8-99F5-488A-9223-D8B71F890C9F,5921139496,CD31341,RU,95.104.200.234,CD31341p59774___2119552___2185832___9584553287893240___A01033-59774___4603
"2016-11-02 16:32:42","2016-11-02 16:35:31",16E67BE5-18FE-40BB-A147-5FF04DFE89BB,"iPad2,5",02:00:00:00:00:00,47257DE5-9278-4A76-BA40-E956F5388AF9,A92C671F-35EF-4DA5-906D-AD418EE03204,47257DE5-9278-4A76-BA40-E956F5388AF9,16E67BE5-18FE-40BB-A147-5FF04DFE89BB,585ECAA8-99F5-488A-9223-D8B71F890C9F,16E67BE5-18FE-40BB-A147-5FF04DFE89BB,5921149057,CD31341,RU,95.104.190.9,CD31341p59774___2119552___2185832___9893083537235363___A01033-59774___4603
"2016-11-02 16:58:11","2016-11-02 17:00:19",AB6F3077-6815-4156-90BA-1F36F6DB37F4,"iPad2,5",02:00:00:00:00:00,8DD7B012-D47F-4324-8613-32DFB9D2052F,47257DE5-9278-4A76-BA40-E956F5388AF9,8DD7B012-D47F-4324-8613-32DFB9D2052F,AB6F3077-6815-4156-90BA-1F36F6DB37F4,16E67BE5-18FE-40BB-A147-5FF04DFE89BB,AB6F3077-6815-4156-90BA-1F36F6DB37F4,5921175438,CD31341,RU,91.185.83.147,CD31341p59774___2119552___2185832___4057378247279145___A01033-59774___4603
"2016-11-02 17:03:53","2016-11-02 17:06:13",FC7C27FF-DD30-4009-9D7A-2D4A32CC1D11,"iPad2,5",02:00:00:00:00:00,9FAEBD7E-177F-4B50-9BC1-9717A66456C0,8DD7B012-D47F-4324-8613-32DFB9D2052F,9FAEBD7E-177F-4B50-9BC1-9717A66456C0,FC7C27FF-DD30-4009-9D7A-2D4A32CC1D11,AB6F3077-6815-4156-90BA-1F36F6DB37F4,FC7C27FF-DD30-4009-9D7A-2D4A32CC1D11,5921181676,CD31341,RU,91.185.80.94,CD31341p59774___2119552___2185832___2852534313419955___A01033-59774___4603
"2016-11-02 17:08:05","2016-11-02 17:10:17",161066F3-256F-41FE-B4F1-4A20BB5CBA35,"iPad2,5",02:00:00:00:00:00,8A8372CB-8DE7-4FF2-9321-0ADE74C5F724,9FAEBD7E-177F-4B50-9BC1-9717A66456C0,8A8372CB-8DE7-4FF2-9321-0ADE74C5F724,161066F3-256F-41FE-B4F1-4A20BB5CBA35,FC7C27FF-DD30-4009-9D7A-2D4A32CC1D11,161066F3-256F-41FE-B4F1-4A20BB5CBA35,5921185717,CD31341,RU,91.185.76.39,CD31341p59774___2119552___2185832___8627144275300408___A01033-59774___4603
"2016-11-02 17:28:27","2016-11-02 17:53:12",A0DCA218-0D6F-4774-8BB0-C1883431DB45,"iPhone4,1",02:00:00:00:00:00,B027279F-C08E-49BE-A06C-463AF93A70C9,CCC9B6BA-EA5E-47BE-B79A-83D825E44C06,B027279F-C08E-49BE-A06C-463AF93A70C9,A0DCA218-0D6F-4774-8BB0-C1883431DB45,A0DCA218-0D6F-4774-8BB0-C1883431DB45,A0DCA218-0D6F-4774-8BB0-C1883431DB45,5098890214,CD31341,RU,89.151.189.117,CD31341p59774___2119552___2185832___4235724566332210___A01033-59774___3266
"2016-11-02 19:19:36","2016-11-02 19:25:20",80CADF38-0F5A-4B82-8756-9FB579AABDE4,"iPad3,6",02:00:00:00:00:00,B7D6A7CF-A921-40EA-BE87-97FB32B2D7EE,,,80CADF38-0F5A-4B82-8756-9FB579AABDE4,,,5921321408,CD31341,RU,31.135.83.51,CD31341p59774___2119552___2185832___2994151168095123___A01033-59774___4603
"2016-11-02 14:32:34","2016-11-02 20:26:49",DB3F7D49-8223-4CA9-A1BD-DF2C9168498F,"iPhone6,2",02:00:00:00:00:00,6B736DC2-806B-4ABB-B503-AF064B42AD43,32BB6D18-8A58-4505-B534-6D8D99BA73F9,6B736DC2-806B-4ABB-B503-AF064B42AD43,DB3F7D49-8223-4CA9-A1BD-DF2C9168498F,DB3F7D49-8223-4CA9-A1BD-DF2C9168498F,DB3F7D49-8223-4CA9-A1BD-DF2C9168498F,5391197164,CD31341,RU,85.115.248.15,CD31341p59774___2119552___2185832___2038205692812558___A01033-59774___19915
"2016-11-02 20:31:35","2016-11-02 20:33:44",B4271137-007C-4EA6-8575-20950DF820E3,"iPhone6,2",02:00:00:00:00:00,516766FE-B228-4039-9F81-3716261EA391,,,B4271137-007C-4EA6-8575-20950DF820E3,,,5921383916,CD31341,RU,89.28.163.157,CD31341p59774___2119552___2185832___8285680063187678___A01033-59774___4603
"2016-11-02 22:29:02","2016-11-02 22:31:25",8F0696FF-9422-43E6-B303-FDD9B3626B88,"iPhone6,2",02:00:00:00:00:00,41B0EE39-345B-4317-A94A-FEFCACB735E3,,,8F0696FF-9422-43E6-B303-FDD9B3626B88,,,5921481135,CD31341,RU,31.200.230.60,CD31341p59774___2119552___2185832___8300209864881630___A01033-59774___4603
"2016-11-03 02:49:01","2016-11-03 02:51:12",2E24F64C-1155-4255-AB69-EC9A9E09B8CF,"iPad3,4",02:00:00:00:00:00,8260B654-0057-42F3-B79D-7DDCA76DA9E9,,,2E24F64C-1155-4255-AB69-EC9A9E09B8CF,,,2244051538,CD31341,RU,92.37.227.226,CD31341p59774___2119552___2185832___6550049821254828___A01033-59774___4603
"2016-11-03 05:03:58","2016-11-03 05:27:12",BBB825C5-AB1E-4866-AA8F-4F21D4A94694,"iPhone5,2",02:00:00:00:00:00,6F032577-AFC9-41E4-AEF0-A133D46A1864,,,BBB825C5-AB1E-4866-AA8F-4F21D4A94694,,,3448725308,CD31341,RU,145.255.8.121,CD31341p59774___2119552___2185832___6374597479112822___A01033-59774___5077
"2016-11-03 05:33:01","2016-11-03 05:35:06",D523D77B-5052-4294-8E10-F5463E423697,"iPad2,5",02:00:00:00:00:00,6A247931-2FFF-46A2-90B5-0A932F3DDD6F,8A8372CB-8DE7-4FF2-9321-0ADE74C5F724,6A247931-2FFF-46A2-90B5-0A932F3DDD6F,D523D77B-5052-4294-8E10-F5463E423697,161066F3-256F-41FE-B4F1-4A20BB5CBA35,D523D77B-5052-4294-8E10-F5463E423697,5921788252,CD31341,RU,91.185.73.207,CD31341p59774___2119552___2185832___7304201079217224___A01033-59774___4603
"2016-11-03 06:12:35","2016-11-03 06:15:03",00000000-0000-0000-0000-000000000000,"iPhone5,4",02:00:00:00:00:00,172953FA-25D7-40B4-807F-F82A155AB148,,,00000000-0000-0000-0000-000000000000,,,5921813470,CD31341,RU,95.79.22.233,CD31341p59774___2119552___2185832___1565998404110802___A01033-59774___4603
"2016-11-03 06:50:43","2016-11-03 06:54:22",736EE8F3-241A-4000-9F88-FCE8D4AEF8A5,"iPhone7,2",02:00:00:00:00:00,7AE17EA2-CE12-4A2F-99EB-FB3AA8E9745B,,,736EE8F3-241A-4000-9F88-FCE8D4AEF8A5,,,5921837973,CD31341,RU,178.45.12.158,CD31341p59774___2119552___2185832___2175895894381389___A01033-59774___4603
"2016-11-03 07:02:29","2016-11-03 07:05:06",4A1ED2F0-8B80-4C96-A655-ED186A0AAB30,"iPad2,5",02:00:00:00:00:00,0B309B3A-045F-4FE9-8A82-FB3A4F192646,6A247931-2FFF-46A2-90B5-0A932F3DDD6F,0B309B3A-045F-4FE9-8A82-FB3A4F192646,4A1ED2F0-8B80-4C96-A655-ED186A0AAB30,D523D77B-5052-4294-8E10-F5463E423697,4A1ED2F0-8B80-4C96-A655-ED186A0AAB30,5921844207,CD31341,RU,95.104.223.65,CD31341p59774___2119552___2185832___0275255497347250___A01033-59774___4603
"2016-11-03 07:31:19","2016-11-03 07:34:29",942A05F9-7F4F-41A8-86D6-7AD42B7F206D,"iPad2,5",02:00:00:00:00:00,695CB6FD-9C7C-49C2-B267-E63C2A15C456,0B309B3A-045F-4FE9-8A82-FB3A4F192646,695CB6FD-9C7C-49C2-B267-E63C2A15C456,942A05F9-7F4F-41A8-86D6-7AD42B7F206D,4A1ED2F0-8B80-4C96-A655-ED186A0AAB30,942A05F9-7F4F-41A8-86D6-7AD42B7F206D,5921861392,CD31341,RU,95.104.214.125,CD31341p59774___2119552___2185832___3871154178251088___A01033-59774___4603
"2016-11-03 07:47:48","2016-11-03 07:50:02",13BE6C40-5393-43C0-A419-B1FBB6892E45,"iPad2,5",02:00:00:00:00:00,CDDA6F31-039C-4006-AE3E-1CF4BED5F92A,695CB6FD-9C7C-49C2-B267-E63C2A15C456,CDDA6F31-039C-4006-AE3E-1CF4BED5F92A,13BE6C40-5393-43C0-A419-B1FBB6892E45,942A05F9-7F4F-41A8-86D6-7AD42B7F206D,13BE6C40-5393-43C0-A419-B1FBB6892E45,5921870721,CD31341,RU,95.104.209.35,CD31341p59774___2119552___2185832___6094242461889413___A01033-59774___4603
"2016-11-03 07:47:50","2016-11-03 07:50:14",66D13347-6423-4CED-99A1-37C553AA596E,"iPhone6,2",02:00:00:00:00:00,0183041B-2239-48F3-86FE-B93692D84DB3,,,66D13347-6423-4CED-99A1-37C553AA596E,,,5843129151,CD31341,RU,109.161.0.233,CD31341p59774___2119552___2185832___0322852105273377___A01033-59774___4603
"2016-11-03 07:49:27","2016-11-03 07:54:25",BEA31049-B6DF-42B7-9984-B6B0B4718567,"iPhone7,1",02:00:00:00:00:00,4D69A96F-E8B7-464E-8C15-0B4604F73ABB,,,BEA31049-B6DF-42B7-9984-B6B0B4718567,,,5921873493,CD31341,RU,93.81.127.198,CD31341p59774___2119552___2185832___9832240817106365___A01033-59774___4603
"2016-11-03 07:59:54","2016-11-03 08:04:25",C682B370-5F59-411A-B7DF-4E40AD988868,"iPad2,5",02:00:00:00:00:00,A020B042-9144-4A3D-B9B4-04CDE45C2779,CDDA6F31-039C-4006-AE3E-1CF4BED5F92A,A020B042-9144-4A3D-B9B4-04CDE45C2779,C682B370-5F59-411A-B7DF-4E40AD988868,13BE6C40-5393-43C0-A419-B1FBB6892E45,C682B370-5F59-411A-B7DF-4E40AD988868,5921880014,CD31341,RU,95.104.205.223,CD31341p59774___2119552___2185832___5516694959554322___A01033-59774___4603
"2016-11-03 08:51:55","2016-11-03 08:54:11",525E85DB-48E3-4F53-9E70-AC19994B0156,"iPad2,5",02:00:00:00:00:00,BD6600A3-149E-42BE-AA7A-0296B8AC9B19,9A1F6B74-125D-47B5-A0EC-CDA69AA5D753,BD6600A3-149E-42BE-AA7A-0296B8AC9B19,525E85DB-48E3-4F53-9E70-AC19994B0156,54F49527-C5A3-48D6-96BB-050EC45550FB,525E85DB-48E3-4F53-9E70-AC19994B0156,5921915121,CD31341,RU,95.104.188.101,CD31341p59774___2119552___2185832___4591093856771613___A01033-59774___4603
"2016-11-03 08:55:56","2016-11-03 08:58:14",C83E1375-EDDE-441B-8EB7-CB5DBF54F39D,"iPad2,5",02:00:00:00:00:00,0BF3E5E7-B1A5-4912-BB80-A69859DAAC05,BD6600A3-149E-42BE-AA7A-0296B8AC9B19,0BF3E5E7-B1A5-4912-BB80-A69859DAAC05,C83E1375-EDDE-441B-8EB7-CB5DBF54F39D,525E85DB-48E3-4F53-9E70-AC19994B0156,C83E1375-EDDE-441B-8EB7-CB5DBF54F39D,5921918110,CD31341,RU,95.104.187.61,CD31341p59774___2119552___2185832___2402238309377829___A01033-59774___4603
"2016-11-03 09:04:21","2016-11-03 09:06:02",BDB24B41-74D7-49B1-90BA-23EDDCF6D4BE,"iPad5,4",02:00:00:00:00:00,92BBD857-7259-45DC-BB83-F65B86D285D9,B168A86C-0435-4995-9D81-06DBF0CB3FA2,92BBD857-7259-45DC-BB83-F65B86D285D9,BDB24B41-74D7-49B1-90BA-23EDDCF6D4BE,280AB90E-4232-400C-924F-0523F8DE57B2,BDB24B41-74D7-49B1-90BA-23EDDCF6D4BE,5921923953,CD31341,RU,95.104.185.189,CD31341p59774___2119552___2185832___3068892852971642___A01033-59774___4603
"2016-11-01 08:25:02","2016-11-03 09:31:04",36C36EA5-7ABF-4638-A7E4-53D0D2E706EE,"iPad2,5",02:00:00:00:00:00,1EAB62E6-ADDD-4D68-AA75-95D83044DADE,,,36C36EA5-7ABF-4638-A7E4-53D0D2E706EE,,,3471496662,CD41951,RU,85.140.0.52,CD41951p2897_d9dc28f440d2___2119552___2185832___adc30da6-a00c-11e6-a5ed-1140ece6f108
"2016-11-03 09:31:52","2016-11-03 09:34:14",9135363F-039F-43F6-A66B-9869AA6E45F0,"iPad2,5",02:00:00:00:00:00,685C1814-E87B-4ECA-AF3D-FDD90D67855E,0BF3E5E7-B1A5-4912-BB80-A69859DAAC05,685C1814-E87B-4ECA-AF3D-FDD90D67855E,9135363F-039F-43F6-A66B-9869AA6E45F0,C83E1375-EDDE-441B-8EB7-CB5DBF54F39D,9135363F-039F-43F6-A66B-9869AA6E45F0,5921946188,CD31341,RU,91.185.88.28,CD31341p59774___2119552___2185832___9012254868905989___A01033-59774___4603
"2016-11-03 09:38:17","2016-11-03 09:42:38",2A7BDE58-8E2A-40D8-A995-1B745BA9AE94,"iPhone5,2",02:00:00:00:00:00,A5B650A2-74D6-434F-B1F4-49797A627FC6,EFC5203A-B7F2-4045-9515-6310588CB166,A5B650A2-74D6-434F-B1F4-49797A627FC6,2A7BDE58-8E2A-40D8-A995-1B745BA9AE94,20484665-41CE-423D-BA17-B3817DA309DE,2A7BDE58-8E2A-40D8-A995-1B745BA9AE94,5921953061,CD31341,RU,109.252.45.226,CD31341p59774___2119552___2185832___2565240685730015___A01033-59774___4603
"2016-11-03 09:41:37","2016-11-03 09:43:49",5798C447-B031-456C-9A21-7B72C59C50CA,"iPad2,5",02:00:00:00:00:00,04BE1508-D62E-4D11-8EB8-C939A82E6FCF,685C1814-E87B-4ECA-AF3D-FDD90D67855E,04BE1508-D62E-4D11-8EB8-C939A82E6FCF,5798C447-B031-456C-9A21-7B72C59C50CA,9135363F-039F-43F6-A66B-9869AA6E45F0,5798C447-B031-456C-9A21-7B72C59C50CA,5921953982,CD31341,RU,91.185.84.240,CD31341p59774___2119552___2185832___1268649693079894___A01033-59774___4603
"2016-11-03 10:00:10","2016-11-03 10:02:33",BB4E76F8-BC55-4B06-80E5-822DBB29C567,"iPad2,5",02:00:00:00:00:00,3B921851-0D77-4A46-893B-3318252B6E78,04BE1508-D62E-4D11-8EB8-C939A82E6FCF,3B921851-0D77-4A46-893B-3318252B6E78,BB4E76F8-BC55-4B06-80E5-822DBB29C567,5798C447-B031-456C-9A21-7B72C59C50CA,BB4E76F8-BC55-4B06-80E5-822DBB29C567,5921969931,CD31341,RU,91.185.77.227,CD31341p59774___2119552___2185832___0718045417778967___A01033-59774___4603
"2016-11-03 10:12:19","2016-11-03 10:14:47",38DBC9FF-490F-4E1B-8B09-F2C737E4FB61,"iPad2,5",02:00:00:00:00:00,5B271926-F8E2-43B3-AB91-8101AF761668,3B921851-0D77-4A46-893B-3318252B6E78,5B271926-F8E2-43B3-AB91-8101AF761668,38DBC9FF-490F-4E1B-8B09-F2C737E4FB61,BB4E76F8-BC55-4B06-80E5-822DBB29C567,38DBC9FF-490F-4E1B-8B09-F2C737E4FB61,5921980343,CD31341,RU,91.185.72.189,CD31341p59774___2119552___2185832___6275836868479998___A01033-59774___4603
"2016-11-03 10:49:42","2016-11-03 10:53:07",BB5D78B8-F510-48A0-BB79-F083AFB7451B,"iPad2,5",02:00:00:00:00:00,33F7649E-B657-4B47-B445-C9183939C522,5B271926-F8E2-43B3-AB91-8101AF761668,33F7649E-B657-4B47-B445-C9183939C522,BB5D78B8-F510-48A0-BB79-F083AFB7451B,38DBC9FF-490F-4E1B-8B09-F2C737E4FB61,BB5D78B8-F510-48A0-BB79-F083AFB7451B,5922014729,CD31341,RU,95.104.244.182,CD31341p59774___2119552___2185832___9974883482484470___A01033-59774___4603
"2016-11-03 10:53:01","2016-11-03 10:58:38",D1DC88C5-9952-4202-8F9B-577311494FE6,"iPhone6,2",02:00:00:00:00:00,2E268CC8-1D85-492F-A987-D60C7DB93CE0,,,D1DC88C5-9952-4202-8F9B-577311494FE6,,,5566101090,CD31341,RU,83.220.239.202,CD31341p59774___2119552___2185832___8433879983612921___A01033-59774___5077
"2016-11-03 11:07:29","2016-11-03 11:11:42",EBA5CF9A-AF9D-4F3E-B224-A8B7D61DDE31,"iPad2,5",02:00:00:00:00:00,7D61DB60-3824-47AB-95F4-380368ACB24C,33F7649E-B657-4B47-B445-C9183939C522,7D61DB60-3824-47AB-95F4-380368ACB24C,EBA5CF9A-AF9D-4F3E-B224-A8B7D61DDE31,BB5D78B8-F510-48A0-BB79-F083AFB7451B,EBA5CF9A-AF9D-4F3E-B224-A8B7D61DDE31,5922032425,CD31341,RU,95.104.239.31,CD31341p59774___2119552___2185832___1580147037157858___A01033-59774___4603
"2016-11-03 11:13:37","2016-11-03 11:15:21",7BBEB72C-E603-446C-97DA-42314A388EB8,"iPhone6,1",02:00:00:00:00:00,61E5AF87-6F3A-4044-9D88-FFCF3632B860,,,7BBEB72C-E603-446C-97DA-42314A388EB8,,,5919861252,CD31341,RU,77.238.142.238,CD31341p59774___2119552___2185832___9978955858928828___A01033-59774___4603
"2016-11-03 11:14:13","2016-11-03 11:16:49",0388F41C-D9D6-4AD6-B548-B270DF849F36,"iPhone5,2",02:00:00:00:00:00,E0BFA774-B9A9-44EF-AB05-40FE5E4365B3,A5B650A2-74D6-434F-B1F4-49797A627FC6,E0BFA774-B9A9-44EF-AB05-40FE5E4365B3,0388F41C-D9D6-4AD6-B548-B270DF849F36,2A7BDE58-8E2A-40D8-A995-1B745BA9AE94,0388F41C-D9D6-4AD6-B548-B270DF849F36,5922037277,CD31341,RU,37.204.196.253,CD31341p59774___2119552___2185832___0360857346956642___A01033-59774___5077
"2016-11-03 11:13:40","2016-11-03 11:17:54",B51192A5-4220-497E-95F6-FEC78406A516,"iPad2,5",02:00:00:00:00:00,55E819BF-CBCE-414F-8FC4-36E0E781A957,7D61DB60-3824-47AB-95F4-380368ACB24C,55E819BF-CBCE-414F-8FC4-36E0E781A957,B51192A5-4220-497E-95F6-FEC78406A516,EBA5CF9A-AF9D-4F3E-B224-A8B7D61DDE31,B51192A5-4220-497E-95F6-FEC78406A516,5922038408,CD31341,RU,95.104.236.232,CD31341p59774___2119552___2185832___8666178016501820___A01033-59774___4603
"2016-11-03 11:20:42","2016-11-03 11:23:24",C3747F6C-1343-4E76-9B79-69028508B9F2,"iPad2,5",02:00:00:00:00:00,F3645E6A-25C5-4BCE-A165-1807D7C0186C,55E819BF-CBCE-414F-8FC4-36E0E781A957,F3645E6A-25C5-4BCE-A165-1807D7C0186C,C3747F6C-1343-4E76-9B79-69028508B9F2,B51192A5-4220-497E-95F6-FEC78406A516,C3747F6C-1343-4E76-9B79-69028508B9F2,5922043915,CD31341,RU,95.104.234.141,CD31341p59774___2119552___2185832___8779630104515425___A01033-59774___4603
"2016-11-03 11:24:50","2016-11-03 11:28:19",1E22125A-1561-40D6-89A6-2F7625B27308,"iPhone6,2",02:00:00:00:00:00,8A3DDC59-F957-4AF3-A249-7C91326380DF,,,1E22125A-1561-40D6-89A6-2F7625B27308,,,4925144946,CD31341,RU,109.161.0.233,CD31341p59774___2119552___2185832___3615743289156603___A01033-59774___4603
"2016-11-03 11:34:50","2016-11-03 11:37:20",7B019637-6CD9-4876-A842-44A81F0666BB,"iPhone5,1",02:00:00:00:00:00,93008B88-2633-49C1-8963-D6A586BFC03C,,,7B019637-6CD9-4876-A842-44A81F0666BB,,,3754097540,CD31341,RU,83.219.138.191,CD31341p59774___2119552___2185832___5995622334804038___A01033-59774___4603
"2016-11-03 11:33:44","2016-11-03 11:42:45",B01DD179-31F4-46B7-99F1-8BDD45430671,"iPad2,5",02:00:00:00:00:00,3EC1AEBC-4774-4BE1-983F-07853708E9E2,F3645E6A-25C5-4BCE-A165-1807D7C0186C,3EC1AEBC-4774-4BE1-983F-07853708E9E2,B01DD179-31F4-46B7-99F1-8BDD45430671,C3747F6C-1343-4E76-9B79-69028508B9F2,B01DD179-31F4-46B7-99F1-8BDD45430671,5922063482,CD31341,RU,95.104.230.85,CD31341p59774___2119552___2185832___1196362321646487___A01033-59774___4603
"2016-11-03 09:53:10","2016-11-03 12:00:23",A8F75CF4-5C39-4A68-A8F4-7FACEF118361,"iPhone8,1",02:00:00:00:00:00,0FC58121-BE3C-4142-A0DE-284491E9DDF1,,,A8F75CF4-5C39-4A68-A8F4-7FACEF118361,,,5922081811,CD31341,RU,217.118.81.243,CD31341p250616___2119552___2185832___8153853238989747___A01033-250616
"2016-11-03 11:58:38","2016-11-03 12:01:07",78AEB731-AD87-4B9A-A2C5-5BA70A3B2081,"iPhone5,4",02:00:00:00:00:00,97A24B41-A242-4130-B8E8-7DA0FC3FEC35,97A24B41-A242-4130-B8E8-7DA0FC3FEC35,97A24B41-A242-4130-B8E8-7DA0FC3FEC35,78AEB731-AD87-4B9A-A2C5-5BA70A3B2081,B53F0026-128E-4684-B86A-8BE761092E3D,78AEB731-AD87-4B9A-A2C5-5BA70A3B2081,5909601463,CD31341,RU,109.206.156.42,CD31341p59774___2119552___2185832___6115499241213980___A01033-59774___4603
"2016-11-03 12:29:06","2016-11-03 12:31:57",8A6E4288-7616-41C4-800F-E4A141667B0D,"iPhone6,2",02:00:00:00:00:00,1F411BD3-8066-4FC5-9E80-6B30C76BCC0F,,,8A6E4288-7616-41C4-800F-E4A141667B0D,,,4162713767,CD31341,RU,178.17.206.161,CD31341p59774___2119552___2185832___5395720412008058___A01033-59774___4603
"2016-11-03 12:36:18","2016-11-03 12:39:51",162E46B1-7F5B-48FB-AA4E-342E1E354958,"iPhone5,2",02:00:00:00:00:00,D942E05E-802A-4D03-9DC2-E082E3C64236,,,162E46B1-7F5B-48FB-AA4E-342E1E354958,,,5908144687,CD31341,RU,46.0.214.16,CD31341p59774___2119552___2185832___4473155359211110___A01033-59774___4603
"2016-11-03 12:54:45","2016-11-03 12:57:06",5768EDBC-8825-4FA2-9DA5-BB4BB2335C66,"iPad3,6",02:00:00:00:00:00,003747FF-10FF-43A2-A8BA-166F245389BD,,,5768EDBC-8825-4FA2-9DA5-BB4BB2335C66,,,3773374460,CD31341,RU,5.141.196.136,CD31341p59774___2119552___2185832___0730759818598230___A01033-59774___4603
"2016-11-02 12:55:45","2016-11-03 13:05:14",2856C6AE-639F-443A-AE7D-964C8E061875,"iPad3,3",02:00:00:00:00:00,B86B0F21-3026-4699-B208-DC37386C4146,,,2856C6AE-639F-443A-AE7D-964C8E061875,,,3229993430,CD31341,RU,5.101.134.207,CD31341p59774___2119552___2185832___0027032163305489___A01033-59774___4603
"2016-11-03 12:49:31","2016-11-03 13:10:31",44E6371E-FF1F-4FB6-B4CD-E14B75D1EB6B,"iPhone6,2",02:00:00:00:00:00,9E0D0076-7D6E-479B-AFD6-2C6429EF300C,,,44E6371E-FF1F-4FB6-B4CD-E14B75D1EB6B,,,3360781666,CD31341,RU,89.22.52.1,CD31341p59774___2119552___2185832___3787402711949057___A01033-59774___4603
"2016-11-03 00:19:11","2016-11-03 14:04:12",56BABA6C-D128-471A-9D08-B7F245F1F987,"iPhone8,1",02:00:00:00:00:00,7941D0D5-7E0F-478D-8BE2-58ED916F2EF8,,,56BABA6C-D128-471A-9D08-B7F245F1F987,,,5922221388,CD31341,RU,176.59.71.67,CD31341p59774___2119552___2185832___9508274481232444___A01033-59774___5077
"2016-11-03 14:02:43","2016-11-03 14:07:00",7BDD2C9A-F9E5-4C28-A3B7-8DA2282D5540,"iPhone4,1",02:00:00:00:00:00,D46E57D9-87A5-459D-8B7E-DA314E6BA11E,,,7BDD2C9A-F9E5-4C28-A3B7-8DA2282D5540,,,5922224764,CD31341,RU,62.192.232.196,CD31341p59774___2119552___2185832___4590470331582374___A01033-59774___4603
"2016-11-03 14:14:48","2016-11-03 14:17:40",C1CD936F-43A1-41DA-AA6B-DD65A12B0969,"iPhone6,2",02:00:00:00:00:00,173122CA-ECAE-4ADB-AD13-4DD8E506FF9D,,,C1CD936F-43A1-41DA-AA6B-DD65A12B0969,,,5922237159,CD31341,RU,78.25.82.242,CD31341p59774___2119552___2185832___6543112417255698___A01033-59774___4603
"2016-11-03 15:23:38","2016-11-03 14:30:01",B8564ECD-07FC-4167-A01A-8441F61EDB47,"iPhone3,2",02:00:00:00:00:00,E379DBB3-A6C5-447E-A408-909202CF71C9,,,B8564ECD-07FC-4167-A01A-8441F61EDB47,,,5922322185,CD31341,RU,81.177.126.96,CD31341p59774___2119552___2185832___2431678668806378___A01033-59774___4603
"2016-11-03 14:21:21","2016-11-03 14:37:34",00000000-0000-0000-0000-000000000000,"iPhone5,2",02:00:00:00:00:00,43B8C93F-245B-4BA2-855B-742651DF0F52,,,00000000-0000-0000-0000-000000000000,,,5922260399,CD31341,RU,5.138.111.54,CD31341p59774___2119552___2185832___5486900554004876___A01033-59774___4603
"2016-11-03 15:09:10","2016-11-03 15:13:15",9A0B505C-8C34-4332-8984-BCC2A8AD4435,"iPhone4,1",02:00:00:00:00:00,DB37840D-7E0B-47A3-8ABF-966E36665B6C,46392EAC-4337-44B8-8DCE-E15C5B8DA439,DB37840D-7E0B-47A3-8ABF-966E36665B6C,9A0B505C-8C34-4332-8984-BCC2A8AD4435,9A0B505C-8C34-4332-8984-BCC2A8AD4435,9A0B505C-8C34-4332-8984-BCC2A8AD4435,4013606888,CD31341,RU,91.216.72.209,CD31341p59774___2119552___2185832___7688033665126482___A01033-59774___4603
"2016-11-03 15:13:09","2016-11-03 15:15:53",F3131D0C-C3E0-4B9C-9BCE-311D80AD4043,"iPhone6,2",02:00:00:00:00:00,598E4CC9-2595-4361-87D8-3A54B47452B0,,,F3131D0C-C3E0-4B9C-9BCE-311D80AD4043,,,5451734006,CD31341,RU,94.253.74.192,CD31341p59774___2119552___2185832___7117385778881868___A01033-59774___4603
"2016-11-03 12:33:07","2016-11-03 15:34:21",CF56D061-E173-46A0-9D41-0A8860BF7AB5,"iPhone8,1",02:00:00:00:00:00,81D0FEC0-77EB-4932-BF45-C6EDD53F7080,,,CF56D061-E173-46A0-9D41-0A8860BF7AB5,,,5912707559,CD31341,RU,213.87.145.168,CD31341p241304___2119552___2185832___3181976904793889___A01033-241304
"2016-11-03 15:08:53","2016-11-03 15:52:33",E7882884-ED70-4B5B-B616-4BF635595A47,"iPhone6,2",02:00:00:00:00:00,23353CA4-98B4-4FCD-9CCD-E762C4790A4F,,,E7882884-ED70-4B5B-B616-4BF635595A47,,,5922346768,CD31341,RU,94.233.173.8,CD31341p59774___2119552___2185832___0014302326907068___A01033-59774___4603
"2016-11-03 16:48:10","2016-11-03 16:52:56",7BA1005F-0E96-4ADC-A67D-8C04E95EB367,"iPhone5,2",02:00:00:00:00:00,28033AF4-9510-4096-82E2-2F9A9234D234,,,7BA1005F-0E96-4ADC-A67D-8C04E95EB367,,,5922412782,CD31341,RU,128.73.91.126,CD31341p59774___2119552___2185832___7901039328145055___A01033-59774___4603
"2016-11-03 17:18:04","2016-11-03 17:29:56",1C95F341-2576-4BF6-BE6C-BCD4C069C991,"iPhone3,1",02:00:00:00:00:00,E3434331-C1D7-4EF7-B313-B8A265DE10F9,,,1C95F341-2576-4BF6-BE6C-BCD4C069C991,,,5922456014,CD31341,RU,5.166.86.195,CD31341p59774___2119552___2185832___0914550615189424___A01033-59774___4603
"2016-11-03 16:55:12","2016-11-03 17:31:53",438215A1-BB41-4495-AE1E-CBF850098B22,"iPhone4,1",02:00:00:00:00:00,FC9BA4DB-82E9-4FC5-B6BD-1ACDBFE0D2E7,,,438215A1-BB41-4495-AE1E-CBF850098B22,,,5922421923,CD31341,RU,91.228.67.137,CD31341p59774___2119552___2185832___5036087089628577___A01033-59774___4603
"2016-11-03 18:10:20","2016-11-03 18:13:57",D5C9A514-CDEC-4F14-AA85-D70AFE15BA8D,"iPhone6,2",02:00:00:00:00:00,F0D06E53-D787-4A2E-BD6D-6793DA921D3A,,,D5C9A514-CDEC-4F14-AA85-D70AFE15BA8D,,,5887986250,CD31341,RU,77.222.105.175,CD31341p59774___2119552___2185832___2988160928347108___A01033-59774___4603
"2016-11-03 18:27:10","2016-11-03 18:32:39",019B1DFF-EDEE-41D0-9D72-1AB731FC1622,"iPhone4,1",02:00:00:00:00:00,DCA0D83A-B69F-4CCC-8280-3D61F9188FD3,,,019B1DFF-EDEE-41D0-9D72-1AB731FC1622,,,4318618410,CD31341,RU,78.85.72.6,CD31341p59774___2119552___2185832___0916766536218765___A01033-59774___4603
"2016-11-03 19:11:16","2016-11-03 19:16:47",2018B54A-E103-4718-AFF3-DB58249F3733,"iPhone4,1",02:00:00:00:00:00,F5B90A88-2F1C-47E7-A790-6B0982C25A3F,57F5BFD0-6B09-4207-BCC0-3DB47C074EF4,F5B90A88-2F1C-47E7-A790-6B0982C25A3F,2018B54A-E103-4718-AFF3-DB58249F3733,2018B54A-E103-4718-AFF3-DB58249F3733,2018B54A-E103-4718-AFF3-DB58249F3733,5542893214,CD31341,RU,217.107.127.226,CD31341p59774___2119552___2185832___8056415656180224___A01033-59774___4603
"2016-11-03 19:16:09","2016-11-03 19:21:21",CFD97790-6F2A-411C-A657-C7BCD5FEBCB5,"iPhone6,2",02:00:00:00:00:00,84DBF73C-75B0-4742-8650-6E78DF6E32CC,,,CFD97790-6F2A-411C-A657-C7BCD5FEBCB5,,,5550508000,CD31341,RU,176.213.213.165,CD31341p59774___2119552___2185832___1612288953769916___A01033-59774___4603
"2016-11-03 19:22:32","2016-11-03 19:25:16",73EAD8BC-9437-4456-9F62-FC02190D64E5,"iPhone5,2",02:00:00:00:00:00,B04FB769-C22A-493F-A4D5-6EBD61F548A7,E0BFA774-B9A9-44EF-AB05-40FE5E4365B3,B04FB769-C22A-493F-A4D5-6EBD61F548A7,73EAD8BC-9437-4456-9F62-FC02190D64E5,0388F41C-D9D6-4AD6-B548-B270DF849F36,73EAD8BC-9437-4456-9F62-FC02190D64E5,5922574306,CD31341,RU,109.252.45.226,CD31341p40659___2119552___2185832___0414364059390867___A01033-40659
"2016-11-03 19:39:11","2016-11-03 19:42:13",99CECBD3-5E13-4FC0-AB51-A6CCEAB3B355,"iPhone4,1",02:00:00:00:00:00,25677AB0-595F-412C-BE59-C94126C14843,,,99CECBD3-5E13-4FC0-AB51-A6CCEAB3B355,,,5922591351,CD31341,RU,109.238.92.4,CD31341p59774___2119552___2185832___6559003621935543___A01033-59774___4603
"2016-11-03 14:51:34","2016-11-03 19:46:21",58B709C2-E3C7-4B43-9807-5D0C01A840D4,"iPhone6,2",02:00:00:00:00:00,030DF3C3-5115-47F2-B512-D7270831E207,,,58B709C2-E3C7-4B43-9807-5D0C01A840D4,,,5821837016,CD31341,RU,217.118.93.184,CD31341p59774___2119552___2185832___7460076082098770___A01033-59774___4603
"2016-11-03 20:16:38","2016-11-03 20:41:59",AFE480B7-7642-4B2F-AF77-4A4389100D4C,"iPad2,2",02:00:00:00:00:00,3A5031A5-B0F6-47F3-B71F-B71E69263B61,,,AFE480B7-7642-4B2F-AF77-4A4389100D4C,,,4614399584,CD31341,RU,95.221.203.26,CD31341p59774___2119552___2185832___6582622003115153___A01033-59774___4603
"2016-11-03 20:50:29","2016-11-03 20:52:35",7D03D4D7-AC48-49AB-97E9-9ADF2CD3BB1B,"iPhone6,2",02:00:00:00:00:00,284D6021-0925-4291-A453-E9585C9A0084,,,7D03D4D7-AC48-49AB-97E9-9ADF2CD3BB1B,,,3255512037,CD31341,RU,37.146.54.44,CD31341p59774___2119552___2185832___9961954433795252___A01033-59774___4603
"2016-11-03 21:00:53","2016-11-03 21:04:25",00000000-0000-0000-0000-000000000000,"iPhone5,4",02:00:00:00:00:00,49B885B2-86EE-43A5-B37F-7E5185F3E42F,827E14ED-E0A4-499E-BC0D-67FFE0E9DF72,49B885B2-86EE-43A5-B37F-7E5185F3E42F,00000000-0000-0000-0000-000000000000,00000000-0000-0000-0000-000000000000,00000000-0000-0000-0000-000000000000,5922669946,CD31341,RU,95.181.20.11,CD31341p59774___2119552___2185832___4903432837280358___A01033-59774___4603
"2016-11-03 21:06:37","2016-11-03 21:11:50",CE13EB73-3B38-4065-97D0-7050A75565C4,"iPhone4,1",02:00:00:00:00:00,E6CDE583-5E44-48A0-BCF1-F11027CA2BD1,,,CE13EB73-3B38-4065-97D0-7050A75565C4,,,3655841464,CD31341,RU,178.68.197.203,CD31341p59774___2119552___2185832___8732620719594992___A01033-59774___4603
"2016-11-03 22:36:22","2016-11-03 21:49:48",E268D879-30B1-4A0C-A2D7-ACFB0286EA4F,"iPad3,3",02:00:00:00:00:00,AE34E084-35F7-4354-B615-F49A0FA050AA,,,E268D879-30B1-4A0C-A2D7-ACFB0286EA4F,,,3101992510,CD31341,RU,91.215.123.76,CD31341p59774___2119552___2185832___4702785146646240___A01033-59774___4603
"2016-11-03 22:04:30","2016-11-03 22:10:39",B7E44E59-67DD-43B5-94FF-0B747B7E1B69,"iPad3,6",02:00:00:00:00:00,11F42EBD-4D5D-4F7C-B3BD-37ED97CBF497,1762E0C0-DB68-4F8B-A0CD-6AEC98DE9A39,11F42EBD-4D5D-4F7C-B3BD-37ED97CBF497,B7E44E59-67DD-43B5-94FF-0B747B7E1B69,00000000-0000-0000-0000-000000000000,B7E44E59-67DD-43B5-94FF-0B747B7E1B69,5922728765,CD31341,RU,109.252.26.78,CD31341p59774___2119552___2185832___6587752504101654___A01033-59774___4603
"2016-11-03 22:29:08","2016-11-03 22:34:46",1097D7EB-AF8F-417D-BED2-31F1DEA963FC,"iPhone6,2",02:00:00:00:00:00,E1561750-2325-490C-9CC8-01C6EC45CE64,,,1097D7EB-AF8F-417D-BED2-31F1DEA963FC,,,5922749938,CD31341,RU,95.153.132.249,CD31341p59774___2119552___2185832___1707621767404873___A01033-59774___4603
"2016-11-04 00:29:51","2016-11-04 00:35:35",39081215-2344-4710-8758-AC37CFF73476,"iPad2,7",02:00:00:00:00:00,EA4F3F0F-15A0-478C-AEC4-CFC89CA200BA,,,39081215-2344-4710-8758-AC37CFF73476,,,5922855987,CD31341,RU,77.244.21.27,CD31341p59774___2119552___2185832___7138567743385513___A01033-59774___4603
"2016-11-04 00:08:13","2016-11-04 04:15:42",9D17B0C5-936B-4CA0-BEB5-1A211AF8691B,"iPhone8,1",02:00:00:00:00:00,AFBBE629-3B80-4700-9F25-799D44D56660,,,9D17B0C5-936B-4CA0-BEB5-1A211AF8691B,,,5923036506,CD31341,RU,217.118.64.54,CD31341p59774___2119552___2185832___6394788976314322___A01033-59774___4603
"2016-11-04 04:27:27","2016-11-04 04:29:33",B01DD179-31F4-46B7-99F1-8BDD45430671,"iPad2,5",02:00:00:00:00:00,2697BAD1-D70D-4B6E-976A-BF0A711AAE9B,3EC1AEBC-4774-4BE1-983F-07853708E9E2,2697BAD1-D70D-4B6E-976A-BF0A711AAE9B,B01DD179-31F4-46B7-99F1-8BDD45430671,B01DD179-31F4-46B7-99F1-8BDD45430671,B01DD179-31F4-46B7-99F1-8BDD45430671,5922063482,CD31341,RU,91.185.84.176,CD31341p59774___2119552___2185832___4396637114676470___A01033-59774___4603
"2016-11-04 05:43:55","2016-11-04 05:47:44",951F1DC5-FE0F-41F1-9F54-BC9DE629C107,"iPhone4,1",02:00:00:00:00:00,C256C2F7-9866-4CBA-AB78-07F62244E76F,,,951F1DC5-FE0F-41F1-9F54-BC9DE629C107,,,4417207614,CD31341,RU,95.83.188.241,CD31341p59774___2119552___2185832___6062948631710356___A01033-59774___4603
"2016-11-04 06:15:10","2016-11-04 06:17:08",82A89A9B-7A76-4DDC-A294-1B1C474322FF,"iPad2,5",02:00:00:00:00:00,72C181C2-4951-4452-9A87-1AA934E3FBB0,2697BAD1-D70D-4B6E-976A-BF0A711AAE9B,72C181C2-4951-4452-9A87-1AA934E3FBB0,82A89A9B-7A76-4DDC-A294-1B1C474322FF,B01DD179-31F4-46B7-99F1-8BDD45430671,82A89A9B-7A76-4DDC-A294-1B1C474322FF,5923132972,CD31341,RU,95.104.227.234,CD31341p59774___2119552___2185832___3166942752739965___A01033-59774___4603
"2016-11-04 05:33:03","2016-11-04 06:25:20",A4530DD3-7DE6-44AF-85BE-7E9F3A23D505,"iPhone3,2",02:00:00:00:00:00,037A283C-547E-4798-B1A8-C9F26C0F1F4C,,,A4530DD3-7DE6-44AF-85BE-7E9F3A23D505,,,2164829949,CD31341,RU,188.162.36.10,CD31341p59774___2119552___2185832___1106079003826227___A01033-59774___4603
"2016-11-04 06:33:34","2016-11-04 06:35:47",AE582E35-64D2-4ABB-9DAE-A2CA0637589F,"iPad2,5",02:00:00:00:00:00,AE24AB62-E727-4EDE-9A84-73E86713B96C,72C181C2-4951-4452-9A87-1AA934E3FBB0,AE24AB62-E727-4EDE-9A84-73E86713B96C,AE582E35-64D2-4ABB-9DAE-A2CA0637589F,82A89A9B-7A76-4DDC-A294-1B1C474322FF,AE582E35-64D2-4ABB-9DAE-A2CA0637589F,5923147494,CD31341,RU,95.104.221.242,CD31341p59774___2119552___2185832___7611275126730725___A01033-59774___4603
"2016-11-04 06:41:45","2016-11-04 07:10:34",F7A43DC1-E036-4711-B9A5-08F1D43E7D8C,"iPad4,2",02:00:00:00:00:00,4B8C9E67-7AE5-4201-BE39-7B6E10CDC49C,,,F7A43DC1-E036-4711-B9A5-08F1D43E7D8C,,,5923174223,CD31341,RU,46.16.229.114,CD31341p59774___2119552___2185832___6856565795474645___A01033-59774___4603
"2016-11-04 10:52:17","2016-11-04 10:54:57",F7569D70-4B46-4C5B-881C-BCF34C22209C,"iPad2,5",02:00:00:00:00:00,07DA4062-4C89-4A0A-B10E-456A18C2007B,AE24AB62-E727-4EDE-9A84-73E86713B96C,07DA4062-4C89-4A0A-B10E-456A18C2007B,F7569D70-4B46-4C5B-881C-BCF34C22209C,AE582E35-64D2-4ABB-9DAE-A2CA0637589F,F7569D70-4B46-4C5B-881C-BCF34C22209C,5923396413,CD31341,RU,95.104.221.242,CD31341p59774___2119552___2185832___5609343160140814___A01033-59774___4603
"2016-11-04 03:53:21","2016-11-04 11:13:53",5246EE04-5B16-4E46-AC7C-EC9B2153BA74,"iPhone6,2",02:00:00:00:00:00,649812D6-C863-435F-BEF8-1FC123C5C374,,,5246EE04-5B16-4E46-AC7C-EC9B2153BA74,,,5923419929,CD31341,RU,217.118.79.33,CD31341p59774___2119552___2185832___5459554335505322___A01033-59774___4603
"2016-11-04 11:09:04","2016-11-04 11:14:33",039BC823-D3B2-4683-A0AA-92F3B3FED133,"iPhone4,1",02:00:00:00:00:00,A4BE02AE-570E-465A-BBA7-FDB8DB3EECC2,,,039BC823-D3B2-4683-A0AA-92F3B3FED133,,,5923420834,CD31341,RU,217.20.75.127,CD31341p59774___2119552___2185832___1059590124493915___A01033-59774___4603
"2016-11-04 12:00:11","2016-11-04 12:03:31",BAF7E23E-B06A-46FC-BBFF-A58051FD909B,"iPhone5,1",02:00:00:00:00:00,18AF7E49-4F39-432B-8839-7EB8FE83CED9,ADA924B2-B476-47C3-880B-2BEAB966400B,18AF7E49-4F39-432B-8839-7EB8FE83CED9,BAF7E23E-B06A-46FC-BBFF-A58051FD909B,BAF7E23E-B06A-46FC-BBFF-A58051FD909B,BAF7E23E-B06A-46FC-BBFF-A58051FD909B,4765744240,CD31341,RU,178.17.128.144,CD31341p59774___2119552___2185832___2029336321002419___A01033-59774___4603
"2016-11-04 12:17:02","2016-11-04 12:20:39",EAA23A19-4201-49A5-83B5-415BDFD6577B,"iPhone5,2",02:00:00:00:00:00,34CCCF45-8814-4D5A-AC9A-FC8F80F7F384,B04FB769-C22A-493F-A4D5-6EBD61F548A7,34CCCF45-8814-4D5A-AC9A-FC8F80F7F384,EAA23A19-4201-49A5-83B5-415BDFD6577B,73EAD8BC-9437-4456-9F62-FC02190D64E5,EAA23A19-4201-49A5-83B5-415BDFD6577B,5923508109,CD31341,RU,109.252.45.226,CD31341p59774___2119552___2185832___3815468560766838___A01033-59774___4603
"2016-11-04 12:30:06","2016-11-04 12:32:35",BD5F508A-C424-4D5D-96B8-667704B60B66,"iPhone6,2",02:00:00:00:00:00,32CA1B3F-0F4A-4965-9BDA-F894DFF28B4D,,,BD5F508A-C424-4D5D-96B8-667704B60B66,,,5923524446,CD31341,RU,31.200.230.48,CD31341p59774___2119552___2185832___1095518397921559___A01033-59774___4603
"2016-11-04 00:30:19","2016-11-04 13:57:03",00000000-0000-0000-0000-000000000000,"iPhone6,2",02:00:00:00:00:00,2FF9C6C8-C9A8-4851-A164-D66C677A0FB1,,,00000000-0000-0000-0000-000000000000,,,5923646055,CD31341,RU,217.118.64.59,CD31341p59774___2119552___2185832___0843372494082292___A01033-59774___4603
"2016-11-04 14:01:30","2016-11-04 14:06:08",28D90228-C53B-4B8B-B77D-4FF210FA0E00,"iPhone6,1",02:00:00:00:00:00,48B3FDA6-124C-45EA-B611-FF2A3C77E0A5,,,28D90228-C53B-4B8B-B77D-4FF210FA0E00,,,5695007145,CD31341,RU,89.222.241.79,CD31341p59774___2119552___2185832___1347992874306793___A01033-59774___4603
"2016-11-04 14:09:01","2016-11-04 14:13:28",2C880EF9-74A4-49FE-9A1B-4A155D85FFA4,"iPad2,5",02:00:00:00:00:00,46A6947C-2F4E-4C8E-9A0D-AB8C95D00EB0,07DA4062-4C89-4A0A-B10E-456A18C2007B,46A6947C-2F4E-4C8E-9A0D-AB8C95D00EB0,2C880EF9-74A4-49FE-9A1B-4A155D85FFA4,F7569D70-4B46-4C5B-881C-BCF34C22209C,2C880EF9-74A4-49FE-9A1B-4A155D85FFA4,5923670422,CD31341,RU,95.104.239.55,CD31341p59774___2119552___2185832___0264719939188672___A01033-59774___4603
"2016-11-04 14:16:31","2016-11-04 14:18:46",FA6856E9-4515-49D1-8509-962A807605DA,"iPad2,5",02:00:00:00:00:00,FDFBCEC0-0852-4D85-B863-38C05AEC3EDF,46A6947C-2F4E-4C8E-9A0D-AB8C95D00EB0,FDFBCEC0-0852-4D85-B863-38C05AEC3EDF,FA6856E9-4515-49D1-8509-962A807605DA,2C880EF9-74A4-49FE-9A1B-4A155D85FFA4,FA6856E9-4515-49D1-8509-962A807605DA,5923678100,CD31341,RU,95.104.234.192,CD31341p59774___2119552___2185832___9517698440770110___A01033-59774___4603
"2016-11-04 14:21:10","2016-11-04 14:23:34",BD07713B-E2E3-4A7C-8A9E-A9D2EF3BA5E1,"iPad2,5",02:00:00:00:00:00,D0F3A633-ECD5-43D8-AD63-FC3AA39B6721,FDFBCEC0-0852-4D85-B863-38C05AEC3EDF,D0F3A633-ECD5-43D8-AD63-FC3AA39B6721,BD07713B-E2E3-4A7C-8A9E-A9D2EF3BA5E1,FA6856E9-4515-49D1-8509-962A807605DA,BD07713B-E2E3-4A7C-8A9E-A9D2EF3BA5E1,5923685214,CD31341,RU,95.104.232.86,CD31341p59774___2119552___2185832___4777354710875232___A01033-59774___4603
"2016-11-05 13:24:01","2016-11-04 14:30:13",EBA7F0D2-ED77-46FD-9AED-D5AEE46EF8BC,"iPhone4,1",02:00:00:00:00:00,655D4A3B-9C73-45D4-8B0C-05C6903ACA7B,,,EBA7F0D2-ED77-46FD-9AED-D5AEE46EF8BC,,,5925364581,CD31341,RU,94.180.10.134,CD31341p59774___2119552___2185832___3357278883797250___A01033-59774___5077
"2016-11-04 11:02:34","2016-11-04 14:32:42",063D8BAB-9F74-4703-8755-3B04C3EAC938,"iPad4,2",02:00:00:00:00:00,DFA993EC-D47E-4A19-BEF7-88A7ACD2AF17,E255E8BD-D983-4DE8-84A3-5B2298E19B51,DFA993EC-D47E-4A19-BEF7-88A7ACD2AF17,063D8BAB-9F74-4703-8755-3B04C3EAC938,063D8BAB-9F74-4703-8755-3B04C3EAC938,063D8BAB-9F74-4703-8755-3B04C3EAC938,4984919036,CD31341,RU,178.35.187.114,CD31341p59774___2119552___2185832___7336543191869112___A01033-59774___5077
"2016-11-04 14:31:06","2016-11-04 14:33:22",9B4FC624-6D87-4A3B-A88D-ABCEC7927DAA,"iPad2,5",02:00:00:00:00:00,0C6C3F03-6B3A-4119-AF83-1EC4C5C974C7,D0F3A633-ECD5-43D8-AD63-FC3AA39B6721,0C6C3F03-6B3A-4119-AF83-1EC4C5C974C7,9B4FC624-6D87-4A3B-A88D-ABCEC7927DAA,BD07713B-E2E3-4A7C-8A9E-A9D2EF3BA5E1,9B4FC624-6D87-4A3B-A88D-ABCEC7927DAA,5923699695,CD31341,RU,95.104.227.125,CD31341p59774___2119552___2185832___3513961808120180___A01033-59774___4603
"2016-11-04 14:43:22","2016-11-04 14:45:30",6D3BDC83-8949-4520-93D6-F8CA2B48BBDE,"iPhone6,2",02:00:00:00:00:00,3DDA5F73-FE3A-4C74-BB44-641ADF8C28C1,,,6D3BDC83-8949-4520-93D6-F8CA2B48BBDE,,,3711148850,CD31341,RU,146.158.87.10,CD31341p59774___2119552___2185832___0477183405425787___A01033-59774___4603
"2016-11-04 14:45:31","2016-11-04 14:47:40",E69B69A2-7E60-4A79-A77B-E41953C1F7A3,"iPad2,5",02:00:00:00:00:00,B37E4C9C-CAE3-49D3-8678-A7E40A7B67B2,0C6C3F03-6B3A-4119-AF83-1EC4C5C974C7,B37E4C9C-CAE3-49D3-8678-A7E40A7B67B2,E69B69A2-7E60-4A79-A77B-E41953C1F7A3,9B4FC624-6D87-4A3B-A88D-ABCEC7927DAA,E69B69A2-7E60-4A79-A77B-E41953C1F7A3,5923720708,CD31341,RU,95.104.223.9,CD31341p59774___2119552___2185832___2695751631581325___A01033-59774___4603
"2016-11-04 14:51:42","2016-11-04 14:54:40",7A080027-0918-465A-B222-EAF2485F15A2,"iPad2,5",02:00:00:00:00:00,3C42B11A-A70A-428D-89DC-50E60B39D040,,,7A080027-0918-465A-B222-EAF2485F15A2,,,3105470652,CD31341,RU,95.25.76.129,CD31341p59774___2119552___2185832___2142424675130799___A01033-59774___4603
"2016-11-04 14:54:46","2016-11-04 14:56:47",0F1C0688-9CF2-4FE9-BCD7-61A78523A7DB,"iPad2,5",02:00:00:00:00:00,5A9E3FDB-956E-4F79-B2B2-E0BD01A680DE,B37E4C9C-CAE3-49D3-8678-A7E40A7B67B2,5A9E3FDB-956E-4F79-B2B2-E0BD01A680DE,0F1C0688-9CF2-4FE9-BCD7-61A78523A7DB,E69B69A2-7E60-4A79-A77B-E41953C1F7A3,0F1C0688-9CF2-4FE9-BCD7-61A78523A7DB,5923734068,CD31341,RU,95.104.219.16,CD31341p59774___2119552___2185832___2085801960624907___A01033-59774___4603
"2016-11-04 15:06:05","2016-11-04 15:08:07",BFC93EAD-418B-404A-8D99-0617144A077A,"iPad2,5",02:00:00:00:00:00,19B760FD-8613-457A-AB05-3D6F7930603B,5A9E3FDB-956E-4F79-B2B2-E0BD01A680DE,19B760FD-8613-457A-AB05-3D6F7930603B,BFC93EAD-418B-404A-8D99-0617144A077A,0F1C0688-9CF2-4FE9-BCD7-61A78523A7DB,BFC93EAD-418B-404A-8D99-0617144A077A,5923750368,CD31341,RU,95.104.215.130,CD31341p59774___2119552___2185832___7514764711985208___A01033-59774___4603
"2016-11-04 15:17:14","2016-11-04 15:19:23",389336CD-49C6-49D2-8C9E-DF1392429229,"iPad2,5",02:00:00:00:00:00,2166EBDF-C29F-4F4C-A19A-406F8F3FE176,19B760FD-8613-457A-AB05-3D6F7930603B,2166EBDF-C29F-4F4C-A19A-406F8F3FE176,389336CD-49C6-49D2-8C9E-DF1392429229,BFC93EAD-418B-404A-8D99-0617144A077A,389336CD-49C6-49D2-8C9E-DF1392429229,5923766299,CD31341,RU,95.104.211.142,CD31341p59774___2119552___2185832___8511775932827390___A01033-59774___4603
"2016-11-04 15:35:41","2016-11-04 15:38:02",2C364731-0E87-4916-AA6B-1125F43B41E7,"iPhone5,2",02:00:00:00:00:00,EFDE50B7-B482-429A-80D6-35606E4951B7,34CCCF45-8814-4D5A-AC9A-FC8F80F7F384,EFDE50B7-B482-429A-80D6-35606E4951B7,2C364731-0E87-4916-AA6B-1125F43B41E7,EAA23A19-4201-49A5-83B5-415BDFD6577B,2C364731-0E87-4916-AA6B-1125F43B41E7,5923792319,CD31341,RU,109.252.45.226,CD31341p40659___2119552___2185832___1433066428359530___A01033-40659
"2016-10-29 03:02:18","2016-11-04 15:39:43",6A0D5B53-398A-4691-BC11-7D05CFDA4F53,"iPhone4,1",02:00:00:00:00:00,2FAA694A-039E-4654-A624-96FF4C7CC4E4,,,6A0D5B53-398A-4691-BC11-7D05CFDA4F53,,,5923480454,208799b052fe8690feb535cfda6158efcaf1f076,TR,212.76.169.34,
"2016-11-04 15:40:45","2016-11-04 15:43:20",36ACC2AD-396A-40BC-BD77-8B07DA64ABB2,"iPad2,5",02:00:00:00:00:00,BCA2D390-884D-4583-97A2-4EBA4C42121A,2166EBDF-C29F-4F4C-A19A-406F8F3FE176,BCA2D390-884D-4583-97A2-4EBA4C42121A,36ACC2AD-396A-40BC-BD77-8B07DA64ABB2,389336CD-49C6-49D2-8C9E-DF1392429229,36ACC2AD-396A-40BC-BD77-8B07DA64ABB2,5923800007,CD31341,RU,95.104.202.10,CD31341p59774___2119552___2185832___5572495894335271___A01033-59774___4603
"2016-11-04 16:03:13","2016-11-04 16:05:26",EB221652-CFF7-4B8A-A691-BD1C5432C106,"iPad2,5",02:00:00:00:00:00,5569FF8F-ECEA-47FD-BE44-5109AE6DECB2,BCA2D390-884D-4583-97A2-4EBA4C42121A,5569FF8F-ECEA-47FD-BE44-5109AE6DECB2,EB221652-CFF7-4B8A-A691-BD1C5432C106,36ACC2AD-396A-40BC-BD77-8B07DA64ABB2,EB221652-CFF7-4B8A-A691-BD1C5432C106,5923830454,CD31341,RU,95.104.187.22,CD31341p59774___2119552___2185832___9535707372471670___A01033-59774___4603
"2016-11-04 16:06:46","2016-11-04 16:09:04",4328871B-A38B-43FE-A342-52A50DE37070,"iPhone6,2",02:00:00:00:00:00,66C7B8F7-3B11-4ECA-A6D7-88F2523C650B,,,4328871B-A38B-43FE-A342-52A50DE37070,,,5847982718,CD31341,RU,178.35.55.107,CD31341p59774___2119552___2185832___2033039913063661___A01033-59774___5077
"2016-11-04 16:07:41","2016-11-04 16:09:49",B8CF5511-8B1D-4204-B5DF-F1C2023558FA,"iPad2,5",02:00:00:00:00:00,C86FB936-D7C4-400F-BB03-DB8C02AC6198,5569FF8F-ECEA-47FD-BE44-5109AE6DECB2,C86FB936-D7C4-400F-BB03-DB8C02AC6198,B8CF5511-8B1D-4204-B5DF-F1C2023558FA,EB221652-CFF7-4B8A-A691-BD1C5432C106,B8CF5511-8B1D-4204-B5DF-F1C2023558FA,5923836181,CD31341,RU,95.104.184.99,CD31341p59774___2119552___2185832___3991170925407123___A01033-59774___4603
"2016-11-04 16:57:43","2016-11-04 17:02:47",473F37E3-AB10-4792-9377-64956DE04AEF,"iPhone4,1",02:00:00:00:00:00,60F53776-CCA3-47DA-8695-0FFFA5D87AB2,,,473F37E3-AB10-4792-9377-64956DE04AEF,,,5923905307,CD31341,RU,2.61.178.125,CD31341p59774___2119552___2185832___0688334870445041___A01033-59774___4603
"2016-11-04 10:00:20","2016-11-04 17:24:34",02E5F411-82A8-43B7-8C2D-9D83DA97EC52,"iPhone6,2",02:00:00:00:00:00,4967EAB8-B79C-4875-AC65-5EA819B38E88,,,02E5F411-82A8-43B7-8C2D-9D83DA97EC52,,,5923932473,CD31341,RU,217.118.93.132,CD31341p59774___2119552___2185832___2800070764953492___A01033-59774___4603
"2016-11-04 04:46:41","2016-11-04 17:39:36",7846AC65-DEB1-468C-B1B9-C8C0AE0B16CA,"iPhone6,1",02:00:00:00:00:00,AC7EBD90-CFD1-454A-8D18-6268006C77EA,,,7846AC65-DEB1-468C-B1B9-C8C0AE0B16CA,,,5923951116,CD31341,RU,217.118.95.99,CD31341p59774___2119552___2185832___2219691061547566___A01033-59774___4603
"2016-11-04 17:43:11","2016-11-04 17:46:08",73F37E18-371F-4A2C-BE07-49C447650231,"iPhone6,2",02:00:00:00:00:00,8C2322E3-D502-4A91-A6FD-D64B73C974EB,,,73F37E18-371F-4A2C-BE07-49C447650231,,,5923959002,CD31341,RU,5.141.124.43,CD31341p59774___2119552___2185832___4222492375304147___A01033-59774___5077
"2016-11-04 18:25:53","2016-11-04 18:41:25",06829169-BDAD-4563-935A-5F1327A8B517,"iPad3,6",02:00:00:00:00:00,C0EBF7D1-B0C4-4E04-A26D-566D6D12D53D,11F42EBD-4D5D-4F7C-B3BD-37ED97CBF497,C0EBF7D1-B0C4-4E04-A26D-566D6D12D53D,06829169-BDAD-4563-935A-5F1327A8B517,B7E44E59-67DD-43B5-94FF-0B747B7E1B69,06829169-BDAD-4563-935A-5F1327A8B517,5924024489,CD31341,RU,109.252.26.78,CD31341p59774___2119552___2185832___2750619128717276___A01033-59774___4603
"2016-11-04 19:30:12","2016-11-04 19:35:01",D2736AF9-DC12-450C-8484-F59B6B6B2CCB,"iPhone6,2",02:00:00:00:00:00,7A01A79C-2684-419F-A5B5-BA57867BF6A8,,,D2736AF9-DC12-450C-8484-F59B6B6B2CCB,,,5924084788,CD31341,RU,178.205.62.143,CD31341p59774___2119552___2185832___6178964987870370___A01033-59774___4603
"2016-11-04 19:41:49","2016-11-04 19:45:00",012F5EF7-0827-48A7-B36C-20866E7CAC4C,"iPhone7,2",02:00:00:00:00:00,F4FBD894-7FCD-4970-80FD-0D150508C805,,,012F5EF7-0827-48A7-B36C-20866E7CAC4C,,,5924095017,CD31341,RU,109.124.16.226,CD31341p59774___2119552___2185832___6405052815664308___A01033-59774___4603
"2016-11-04 20:10:53","2016-11-04 20:20:18",DA5E9EA8-C998-4327-B7D8-03A93E98C955,"iPad2,2",02:00:00:00:00:00,2350F8A4-C1CC-4191-A89D-9A172982B096,A7AD7AC3-A163-476D-AC95-3ACFD23B3F0E,2350F8A4-C1CC-4191-A89D-9A172982B096,DA5E9EA8-C998-4327-B7D8-03A93E98C955,522AC227-2291-409F-B5A0-A2551AAB11E2,DA5E9EA8-C998-4327-B7D8-03A93E98C955,5924134474,CD31341,RU,109.252.26.78,CD31341p59774___2119552___2185832___1155390599284326___A01033-59774___5077
"2016-11-04 21:26:22","2016-11-04 21:28:29",B0C96C25-017A-47C4-A6CD-AC27DE8B3FD5,"iPhone6,2",02:00:00:00:00:00,73575FFC-5359-4657-A7E9-24B67E13396B,BBB4351A-AECC-4809-9446-6A10DCEBB38F,73575FFC-5359-4657-A7E9-24B67E13396B,B0C96C25-017A-47C4-A6CD-AC27DE8B3FD5,B0C96C25-017A-47C4-A6CD-AC27DE8B3FD5,B0C96C25-017A-47C4-A6CD-AC27DE8B3FD5,3672538046,CD31341,RU,85.95.187.99,CD31341p59774___2119552___2185832___0082385690399081___A01033-59774___4603
"2016-11-04 21:28:17","2016-11-04 21:32:18",801A0B02-A0CE-4A41-BEAF-EABC95EEE26F,"iPad3,6",02:00:00:00:00:00,FE48C224-0975-4123-B7FD-9BA611AB8BB3,F5CB579D-3438-4AF2-A1AA-993D629CFE96,FE48C224-0975-4123-B7FD-9BA611AB8BB3,801A0B02-A0CE-4A41-BEAF-EABC95EEE26F,801A0B02-A0CE-4A41-BEAF-EABC95EEE26F,801A0B02-A0CE-4A41-BEAF-EABC95EEE26F,5696202893,CD31341,RU,176.100.105.133,CD31341p59774___2119552___2185832___8309066960502262___A01033-59774___4603
"2016-11-04 22:30:09","2016-11-04 22:43:08",E52EBB2B-69A8-40F9-8E18-F40F010D63F0,"iPad2,7",02:00:00:00:00:00,560A471D-2C2E-4B41-909D-6DDCDB89AB9D,,,E52EBB2B-69A8-40F9-8E18-F40F010D63F0,,,3161463702,CD31341,RU,94.181.219.1,CD31341p59774___2119552___2185832___6117281756045335___A01033-59774___4603
"2016-11-04 22:43:53","2016-11-04 22:49:51",78CA3226-AE6B-48F6-B134-137D21839FD7,"iPhone5,2",02:00:00:00:00:00,0E08B094-F771-49C2-B95C-44B6C464D987,DC484051-99E8-4A42-B897-D3E0DE2C56F8,0E08B094-F771-49C2-B95C-44B6C464D987,78CA3226-AE6B-48F6-B134-137D21839FD7,00C0DE27-4249-4D0F-9CDC-22E9A3676192,78CA3226-AE6B-48F6-B134-137D21839FD7,5924287146,CD31341,RU,109.252.26.78,CD31341p40659___2119552___2185832___2309656083916552___A01033-40659
"2016-11-05 10:23:43","2016-11-04 22:54:33",9511F7FB-23D2-4AFA-B07B-A4945D05B082,"iPad2,2",02:00:00:00:00:00,E7F9C97C-CD9F-4755-A936-69A3114E5184,,,9511F7FB-23D2-4AFA-B07B-A4945D05B082,,,5110115672,CD31341,RU,92.38.152.195,CD31341p250616___2119552___2185832___9335841036008979___A01033-250616
"2016-11-04 12:21:54","2016-11-04 23:09:32",0CE723E7-7746-41D5-BDA3-2FD4200F27A3,"iPhone7,2",02:00:00:00:00:00,DA0C218B-73D7-42A8-BE53-CD22856F4E71,,,0CE723E7-7746-41D5-BDA3-2FD4200F27A3,,,5924307808,CD31341,RU,217.66.157.97,CD31341p241304___2119552___2185832___5277362909409143___A01033-241304
"2016-11-05 04:28:00","2016-11-05 04:30:05",457E89DF-F361-4BCA-9A82-C93A34D5727F,"iPad2,5",02:00:00:00:00:00,EC220D24-2164-4633-995F-5AAF7443D2CD,C86FB936-D7C4-400F-BB03-DB8C02AC6198,EC220D24-2164-4633-995F-5AAF7443D2CD,457E89DF-F361-4BCA-9A82-C93A34D5727F,B8CF5511-8B1D-4204-B5DF-F1C2023558FA,457E89DF-F361-4BCA-9A82-C93A34D5727F,5924665268,CD31341,RU,95.104.209.243,CD31341p59774___2119552___2185832___0588626823611836___A01033-59774___4603
"2016-11-05 04:47:57","2016-11-05 04:50:21",015B16CC-9C60-4C7D-8CB8-1850C1B98070,"iPad2,5",02:00:00:00:00:00,060D2B81-8A97-4FD4-9A79-F0CB18E78BCD,EC220D24-2164-4633-995F-5AAF7443D2CD,060D2B81-8A97-4FD4-9A79-F0CB18E78BCD,015B16CC-9C60-4C7D-8CB8-1850C1B98070,457E89DF-F361-4BCA-9A82-C93A34D5727F,015B16CC-9C60-4C7D-8CB8-1850C1B98070,5924686417,CD31341,RU,95.104.204.211,CD31341p59774___2119552___2185832___8877297059138310___A01033-59774___4603
"2016-11-05 04:51:49","2016-11-05 04:56:19",00000000-0000-0000-0000-000000000000,"iPhone8,4",02:00:00:00:00:00,4A71DDEE-E7D6-4ACB-A34F-373F922A8447,,,00000000-0000-0000-0000-000000000000,,,5800110489,CD31341,RU,37.79.250.14,CD31341p59774___2119552___2185832___9809856950490119___A01033-59774___4603
"2016-11-05 05:29:39","2016-11-05 05:32:07",2FADB862-0C7E-4F49-9D2A-9E45501D3629,"iPad2,5",02:00:00:00:00:00,8FC70B6A-2C68-43E4-827C-34195E2A7640,060D2B81-8A97-4FD4-9A79-F0CB18E78BCD,8FC70B6A-2C68-43E4-827C-34195E2A7640,2FADB862-0C7E-4F49-9D2A-9E45501D3629,015B16CC-9C60-4C7D-8CB8-1850C1B98070,2FADB862-0C7E-4F49-9D2A-9E45501D3629,5924730893,CD31341,RU,95.104.189.216,CD31341p59774___2119552___2185832___5945149159185525___A01033-59774___4603
"2016-11-05 05:54:54","2016-11-05 05:57:06",58D37429-8A35-453B-9626-D5DB8AED8274,"iPad2,5",02:00:00:00:00:00,6A43933F-7809-471E-94E4-705B60A86CDB,8FC70B6A-2C68-43E4-827C-34195E2A7640,6A43933F-7809-471E-94E4-705B60A86CDB,58D37429-8A35-453B-9626-D5DB8AED8274,2FADB862-0C7E-4F49-9D2A-9E45501D3629,58D37429-8A35-453B-9626-D5DB8AED8274,5924757075,CD31341,RU,91.185.93.108,CD31341p59774___2119552___2185832___8355885889037811___A01033-59774___4603
"2016-11-05 06:55:35","2016-11-05 07:08:15",D06E8969-2DF2-4A5D-8A5E-BDA891A48E22,"iPhone6,2",02:00:00:00:00:00,6839D6B8-39EE-40DB-BCE5-957C8B374A89,,,D06E8969-2DF2-4A5D-8A5E-BDA891A48E22,,,5924833536,CD31341,RU,46.0.203.156,CD31341p59774___2119552___2185832___0574017144576952___A01033-59774___5077
"2016-11-05 07:47:50","2016-11-05 07:50:04",4F36E62B-820C-44E4-B9CD-1E9019EA1E17,"iPad2,5",02:00:00:00:00:00,748B4CDC-3F0F-4F5F-96F8-51FE4C3E5A17,6A43933F-7809-471E-94E4-705B60A86CDB,748B4CDC-3F0F-4F5F-96F8-51FE4C3E5A17,4F36E62B-820C-44E4-B9CD-1E9019EA1E17,58D37429-8A35-453B-9626-D5DB8AED8274,4F36E62B-820C-44E4-B9CD-1E9019EA1E17,5924881443,CD31341,RU,95.104.241.196,CD31341p59774___2119552___2185832___0174354671837807___A01033-59774___4603
"2016-11-05 08:17:51","2016-11-05 08:20:06",0FF025C7-2672-4DF6-B041-1757E6D7E214,"iPad2,5",02:00:00:00:00:00,BCC95E0E-C918-4072-889E-4FFB36E24DA5,748B4CDC-3F0F-4F5F-96F8-51FE4C3E5A17,BCC95E0E-C918-4072-889E-4FFB36E24DA5,0FF025C7-2672-4DF6-B041-1757E6D7E214,4F36E62B-820C-44E4-B9CD-1E9019EA1E17,0FF025C7-2672-4DF6-B041-1757E6D7E214,5924917160,CD31341,RU,95.104.232.82,CD31341p59774___2119552___2185832___6957950509732716___A01033-59774___4603
"2016-11-05 08:23:32","2016-11-05 08:25:44",583C0F18-0164-4E07-A4AE-B5A205AD5403,"iPad2,5",02:00:00:00:00:00,2F5B279A-2296-4E92-9810-0A287B911BFB,BCC95E0E-C918-4072-889E-4FFB36E24DA5,2F5B279A-2296-4E92-9810-0A287B911BFB,583C0F18-0164-4E07-A4AE-B5A205AD5403,0FF025C7-2672-4DF6-B041-1757E6D7E214,583C0F18-0164-4E07-A4AE-B5A205AD5403,5924924085,CD31341,RU,95.104.230.42,CD31341p59774___2119552___2185832___3474502452555378___A01033-59774___4603
"2016-11-05 08:29:05","2016-11-05 08:31:16",36868760-EA26-4991-B49C-CC7B9BAD3493,"iPad2,5",02:00:00:00:00:00,A7653718-6D27-48BC-ABD8-F46563C37960,2F5B279A-2296-4E92-9810-0A287B911BFB,A7653718-6D27-48BC-ABD8-F46563C37960,36868760-EA26-4991-B49C-CC7B9BAD3493,583C0F18-0164-4E07-A4AE-B5A205AD5403,36868760-EA26-4991-B49C-CC7B9BAD3493,5924930884,CD31341,RU,95.104.229.8,CD31341p59774___2119552___2185832___0188201042231776___A01033-59774___4603
"2016-11-05 05:57:09","2016-11-05 10:14:03",528880FA-74C0-41B2-BC22-AD1344E38D61,"iPhone8,1",02:00:00:00:00:00,5282FBC0-C9EC-4AEA-B4DE-B5F1F6FB8B35,,,528880FA-74C0-41B2-BC22-AD1344E38D61,,,5925062684,CD31341,RU,217.118.64.52,CD31341p59774___2119552___2185832___6103153646998061___A01033-59774___4603
"2016-11-05 11:10:53","2016-11-05 11:19:26",85ACBCB3-3118-4490-8972-86E0604DCF5D,"iPhone4,1",02:00:00:00:00:00,C6921889-1532-4BF9-92B6-240EB86263CF,,,85ACBCB3-3118-4490-8972-86E0604DCF5D,,,5925154085,CD31341,RU,37.78.245.67,CD31341p59774___2119552___2185832___3137092245635102___A01033-59774___5077
"2016-11-05 09:57:20","2016-11-05 12:51:14",A2FCD90F-9EA6-4973-81E3-5AE78BB5E312,"iPhone6,2",02:00:00:00:00:00,4A94C052-04C2-40EC-B4C8-7D7E929198FC,,,A2FCD90F-9EA6-4973-81E3-5AE78BB5E312,,,5925299929,CD31341,RU,217.118.81.22,CD31341p250616___2119552___2185832___7709541702605668___A01033-250616
"2016-11-05 12:55:51","2016-11-05 13:01:14",F9C3FD73-64F0-4462-BAA8-96C2E8E10B04,"iPhone5,2",02:00:00:00:00:00,EA8B8B49-36D4-4509-8F96-4DD772F2B278,9B1E7A08-6896-4F70-8723-B7815A78AC86,EA8B8B49-36D4-4509-8F96-4DD772F2B278,F9C3FD73-64F0-4462-BAA8-96C2E8E10B04,F9C3FD73-64F0-4462-BAA8-96C2E8E10B04,F9C3FD73-64F0-4462-BAA8-96C2E8E10B04,1924156780,CD31341,RU,31.42.47.203,CD31341p59774___2119552___2185832___8908858176358841___A01033-59774___4603
"2016-11-05 13:30:00","2016-11-05 13:33:26",48A15E79-8F53-4B1F-9C08-371E32C6283F,"iPhone5,1",02:00:00:00:00:00,9AF69E56-1D6E-4224-9B5B-AD8301632453,4F586219-8ADE-44E5-BE06-626B73586E01,9AF69E56-1D6E-4224-9B5B-AD8301632453,48A15E79-8F53-4B1F-9C08-371E32C6283F,48A15E79-8F53-4B1F-9C08-371E32C6283F,48A15E79-8F53-4B1F-9C08-371E32C6283F,1965643164,CD31341,RU,77.222.106.128,CD31341p59774___2119552___2185832___1202608052321223___A01033-59774___5077
"2016-11-05 13:34:50","2016-11-05 13:39:21",485DC028-045A-453C-95B0-C2A37A20FA34,"iPad3,6",02:00:00:00:00:00,7A368087-CA67-4003-9171-66107B8536EE,,,485DC028-045A-453C-95B0-C2A37A20FA34,,,5925383539,CD31341,RU,31.135.83.51,CD31341p59774___2119552___2185832___6921774301358285___A01033-59774___5077
"2016-11-05 14:11:23","2016-11-05 14:13:33",00000000-0000-0000-0000-000000000000,"iPhone6,2",02:00:00:00:00:00,0B35DF78-9BD1-4210-9938-A153BA183618,,,00000000-0000-0000-0000-000000000000,,,5925442358,CD31341,RU,81.163.98.133,CD31341p59774___2119552___2185832___9827350861102167___A01033-59774___5077
"2016-11-05 14:06:28","2016-11-05 14:16:48",C6D7C135-1A0C-40F4-BC71-E5129C975557,"iPhone3,1",02:00:00:00:00:00,99C0856F-7CB3-40B0-8ECF-AB76133F25F8,,,C6D7C135-1A0C-40F4-BC71-E5129C975557,,,5858359801,CD31341,RU,95.73.132.240,CD31341p59774___2119552___2185832___2092086826518241___A01033-59774___4603
"2016-11-05 12:41:29","2016-11-05 14:34:03",4F163F7B-1B17-467D-AF9F-C0FE5ADF0BFE,"iPad2,5",02:00:00:00:00:00,DFC0EC94-E4FE-44D5-8BBA-AAD17BC75D74,A1729162-03B9-4B6B-A1E7-9085F5478694,DFC0EC94-E4FE-44D5-8BBA-AAD17BC75D74,4F163F7B-1B17-467D-AF9F-C0FE5ADF0BFE,4F163F7B-1B17-467D-AF9F-C0FE5ADF0BFE,4F163F7B-1B17-467D-AF9F-C0FE5ADF0BFE,2263075010,CD31341,RU,193.238.130.5,CD31341p241304___2119552___2185832___2962893794206068___A01033-241304
"2016-11-05 18:11:48","2016-11-05 17:17:17",1DC5F9AA-0E1A-4244-8738-23E3A7E5CDE5,"iPhone3,2",02:00:00:00:00:00,7C50C5D7-0DC3-42D8-998B-8DA2E07025A1,,,1DC5F9AA-0E1A-4244-8738-23E3A7E5CDE5,,,5925830763,CD31341,RU,5.165.69.166,CD31341p59774___2119552___2185832___4711640757999040___A01033-59774___5077
"2016-11-05 17:19:41","2016-11-05 17:22:56",00000000-0000-0000-0000-000000000000,"iPhone6,2",02:00:00:00:00:00,B5B263B4-2212-49D4-A676-18E8975FBFC6,,,00000000-0000-0000-0000-000000000000,,,5925750976,CD31341,RU,84.18.118.190,CD31341p59774___2119552___2185832___2834956469601853___A01033-59774___4603
"2016-11-05 18:11:19","2016-11-05 18:23:52",ED54BA03-C204-43BC-AC01-3B47D972B8FF,"iPad2,2",02:00:00:00:00:00,F8E01FE5-1BC9-410E-8D7F-37B2A5D1E856,2350F8A4-C1CC-4191-A89D-9A172982B096,F8E01FE5-1BC9-410E-8D7F-37B2A5D1E856,ED54BA03-C204-43BC-AC01-3B47D972B8FF,DA5E9EA8-C998-4327-B7D8-03A93E98C955,ED54BA03-C204-43BC-AC01-3B47D972B8FF,5925837700,CD31341,RU,109.252.26.78,CD31341p59774___2119552___2185832___6148666480766936___A01033-59774___4603
"2016-11-05 16:56:19","2016-11-05 18:47:20",A99A8534-334B-4366-8732-7DD30635C493,"iPhone3,1",02:00:00:00:00:00,8BB90515-4276-487C-970F-DCC0F620C84B,,,A99A8534-334B-4366-8732-7DD30635C493,,,5909200011,CD31341,RU,195.91.173.209,CD31341p59774___2119552___2185832___3627769671217878___A01033-59774___5077
"2016-11-05 18:56:09","2016-11-05 18:58:08",D580E2EF-EC86-4B0F-A0D7-03E9C4F4FC95,"iPhone8,1",02:00:00:00:00:00,4CEECED8-EF9F-456C-BD88-BB979D068891,,,D580E2EF-EC86-4B0F-A0D7-03E9C4F4FC95,,,5925883652,CD31341,RU,109.252.90.147,CD31341p59774___2119552___2185832___6686169456375705___A01033-59774___5077
"2016-11-05 19:03:17","2016-11-05 19:10:56",BEBBE5A3-EA07-41FB-91A5-4FE98C30AB43,"iPad3,6",02:00:00:00:00:00,E76F8F44-3300-4743-AF33-04CA93B369D3,,,BEBBE5A3-EA07-41FB-91A5-4FE98C30AB43,,,5925901153,CD31341,RU,31.135.83.51,CD31341p40659___2119552___2185832___0854328125000219___A01033-40659
"2016-11-05 19:34:41","2016-11-05 19:54:05",4651AE4B-7571-4A5B-ADCD-1B1FBEC07003,"iPhone4,1",02:00:00:00:00:00,AF19D261-FFF5-40A5-9EFB-55A96C58AF67,,,4651AE4B-7571-4A5B-ADCD-1B1FBEC07003,,,5918643804,CD31341,RU,95.153.131.81,CD31341p241304___2119552___2185832___4335540998794933___A01033-241304
"2016-11-05 10:48:09","2016-11-05 20:51:55",FC8F8A20-CE89-4BC0-AEFD-16E00C55D6A5,"iPhone6,2",02:00:00:00:00:00,65C9E5B4-9F0A-474C-AB2F-0B82649DEADC,,,FC8F8A20-CE89-4BC0-AEFD-16E00C55D6A5,,,5829839567,CD31341,UA,91.107.117.120,CD31341p59774___2119552___2185832___9250512199469161___A01033-59774___4603
"2016-11-05 22:25:51","2016-11-05 22:28:27",E9DBD4CD-9026-40ED-86F5-4D0798F6DC6D,"iPad2,7",02:00:00:00:00:00,6833829C-989E-405A-90B2-83E5807BB883,,,E9DBD4CD-9026-40ED-86F5-4D0798F6DC6D,,,3241828945,CD31341,RU,109.108.59.41,CD31341p59774___2119552___2185832___5880847716541086___A01033-59774___5077
"2016-11-06 00:33:10","2016-11-06 00:37:33",8B50D39A-7161-4E65-8B31-3453410854C7,"iPad4,2",02:00:00:00:00:00,931BB32A-E0B5-4BA7-A1D7-E7BC5442400E,,,8B50D39A-7161-4E65-8B31-3453410854C7,,,5623135864,CD31341,RU,188.244.209.193,CD31341p59774___2119552___2185832___7317959549619912___A01033-59774___4603
"2016-11-06 04:11:18","2016-11-06 04:14:15",C8E56E1D-0853-4554-9E98-4911D90643E7,"iPad2,5",02:00:00:00:00:00,A2692E0F-F740-4321-88F3-66D755447538,A7653718-6D27-48BC-ABD8-F46563C37960,A2692E0F-F740-4321-88F3-66D755447538,C8E56E1D-0853-4554-9E98-4911D90643E7,36868760-EA26-4991-B49C-CC7B9BAD3493,C8E56E1D-0853-4554-9E98-4911D90643E7,5926535571,CD31341,RU,95.104.224.170,CD31341p59774___2119552___2185832___8176521757181201___A01033-59774___4603
"2016-11-06 05:01:58","2016-11-06 05:04:17",4B34BD12-6F2D-4584-8F36-173C15F9FFEF,"iPad2,5",02:00:00:00:00:00,F815AAD1-AC19-4042-AD16-7434B6EE7DBD,A2692E0F-F740-4321-88F3-66D755447538,F815AAD1-AC19-4042-AD16-7434B6EE7DBD,4B34BD12-6F2D-4584-8F36-173C15F9FFEF,C8E56E1D-0853-4554-9E98-4911D90643E7,4B34BD12-6F2D-4584-8F36-173C15F9FFEF,5926592369,CD31341,RU,95.104.221.116,CD31341p59774___2119552___2185832___8598425022116889___A01033-59774___4603
"2016-11-06 06:39:49","2016-11-06 06:42:10",5CF4BCDC-E726-491D-B686-509B7B6C2236,"iPad2,5",02:00:00:00:00:00,E0866497-3597-4731-9712-DEE5507A8711,F815AAD1-AC19-4042-AD16-7434B6EE7DBD,E0866497-3597-4731-9712-DEE5507A8711,5CF4BCDC-E726-491D-B686-509B7B6C2236,4B34BD12-6F2D-4584-8F36-173C15F9FFEF,5CF4BCDC-E726-491D-B686-509B7B6C2236,5926699994,CD31341,RU,91.185.89.82,CD31341p59774___2119552___2185832___2061048364901311___A01033-59774___4603
"2016-11-06 07:07:57","2016-11-06 07:09:51",DECC0219-C27F-4E66-80D4-3CCEBDA5EDF8,"iPhone8,1",02:00:00:00:00:00,99EFB757-0643-470C-B177-BCD5AFDBB2A8,,,DECC0219-C27F-4E66-80D4-3CCEBDA5EDF8,,,5926730659,CD31341,RU,145.255.9.122,CD31341p59774___2119552___2185832___9347343133664721___A01033-59774___5077
"2016-11-06 07:21:46","2016-11-06 07:23:55",AFC57BA9-BB9C-48A1-95AD-DDC3A99569F6,"iPad2,5",02:00:00:00:00:00,6E20F04A-C3BA-4B0C-A71B-1EF467F0A3D6,E0866497-3597-4731-9712-DEE5507A8711,6E20F04A-C3BA-4B0C-A71B-1EF467F0A3D6,AFC57BA9-BB9C-48A1-95AD-DDC3A99569F6,5CF4BCDC-E726-491D-B686-509B7B6C2236,AFC57BA9-BB9C-48A1-95AD-DDC3A99569F6,5926746916,CD31341,RU,91.185.76.232,CD31341p59774___2119552___2185832___7189198083920447___A01033-59774___4603
"2016-11-06 07:27:24","2016-11-06 07:29:41",FAE73AEF-F199-479D-8626-FD16FBA49EF9,"iPad2,5",02:00:00:00:00:00,684FEFC1-CC0C-41BA-8D92-5D85A42D6B49,6E20F04A-C3BA-4B0C-A71B-1EF467F0A3D6,684FEFC1-CC0C-41BA-8D92-5D85A42D6B49,FAE73AEF-F199-479D-8626-FD16FBA49EF9,AFC57BA9-BB9C-48A1-95AD-DDC3A99569F6,FAE73AEF-F199-479D-8626-FD16FBA49EF9,5926753511,CD31341,RU,91.185.75.26,CD31341p59774___2119552___2185832___0703758684943194___A01033-59774___4603
"2016-11-06 07:54:36","2016-11-06 07:57:00",66E19275-110E-485D-A32F-EB8A35C7AC67,"iPad2,5",02:00:00:00:00:00,881410E1-D69B-4611-A16B-C1EE20CAA78F,684FEFC1-CC0C-41BA-8D92-5D85A42D6B49,881410E1-D69B-4611-A16B-C1EE20CAA78F,66E19275-110E-485D-A32F-EB8A35C7AC67,FAE73AEF-F199-479D-8626-FD16FBA49EF9,66E19275-110E-485D-A32F-EB8A35C7AC67,5926785523,CD31341,RU,95.104.250.28,CD31341p59774___2119552___2185832___0507414486106385___A01033-59774___4603
"2016-11-06 08:08:44","2016-11-06 08:11:01",4D133271-A4C5-4E3C-924F-306DB7EDA8BB,"iPad2,5",02:00:00:00:00:00,0DF7E89F-B798-4C5A-BA17-27FF72335307,881410E1-D69B-4611-A16B-C1EE20CAA78F,0DF7E89F-B798-4C5A-BA17-27FF72335307,4D133271-A4C5-4E3C-924F-306DB7EDA8BB,66E19275-110E-485D-A32F-EB8A35C7AC67,4D133271-A4C5-4E3C-924F-306DB7EDA8BB,5926802248,CD31341,RU,95.104.244.201,CD31341p59774___2119552___2185832___3779065197738435___A01033-59774___4603
"2016-11-06 08:36:08","2016-11-06 08:38:23",9E11C283-BF36-4CF2-8213-EC0CC567AC35,"iPad2,5",02:00:00:00:00:00,FFE0C8DF-2449-4B14-817D-C75B70670C26,0DF7E89F-B798-4C5A-BA17-27FF72335307,FFE0C8DF-2449-4B14-817D-C75B70670C26,9E11C283-BF36-4CF2-8213-EC0CC567AC35,4D133271-A4C5-4E3C-924F-306DB7EDA8BB,9E11C283-BF36-4CF2-8213-EC0CC567AC35,5926835495,CD31341,RU,95.104.235.68,CD31341p59774___2119552___2185832___6279403781749904___A01033-59774___4603
"2016-11-06 08:41:40","2016-11-06 08:43:55",FF6DA06C-37C3-4355-A361-E842C8A204C3,"iPad2,5",02:00:00:00:00:00,74B8C3B5-8A15-49B3-99B4-48B99CF24B0B,FFE0C8DF-2449-4B14-817D-C75B70670C26,74B8C3B5-8A15-49B3-99B4-48B99CF24B0B,FF6DA06C-37C3-4355-A361-E842C8A204C3,9E11C283-BF36-4CF2-8213-EC0CC567AC35,FF6DA06C-37C3-4355-A361-E842C8A204C3,5926842378,CD31341,RU,95.104.233.80,CD31341p59774___2119552___2185832___7139372906375127___A01033-59774___4603
"2016-11-06 09:33:54","2016-11-06 10:07:47",E406E079-3205-448E-A475-0375605DEAEE,"iPhone6,2",02:00:00:00:00:00,D3C0A698-5BE5-47AC-89BD-2ECB0C34720F,780696A1-C4E9-4FFA-A2CE-647F9FD3929B,D3C0A698-5BE5-47AC-89BD-2ECB0C34720F,E406E079-3205-448E-A475-0375605DEAEE,E406E079-3205-448E-A475-0375605DEAEE,E406E079-3205-448E-A475-0375605DEAEE,5662538712,CD31341,RU,217.118.93.130,CD31341p241304___2119552___2185832___7986829443884218___A01033-241304
"2016-11-06 10:55:18","2016-11-06 10:59:51",B80B4B09-6651-4FE2-BAE7-0C81394ABF4A,"iPhone5,2",02:00:00:00:00:00,19AC073C-BF19-41AB-A931-35E521061D61,,,B80B4B09-6651-4FE2-BAE7-0C81394ABF4A,,,5927019723,CD31341,RU,176.109.1.156,CD31341p59774___2119552___2185832___5101545497862295___A01033-59774___4603
"2016-11-06 11:00:46","2016-11-06 11:03:06",46BC8E63-95A4-4643-B34E-B296E0D76E54,"iPad2,5",02:00:00:00:00:00,D72F5685-BE57-4750-870E-BC10263C7F6A,74B8C3B5-8A15-49B3-99B4-48B99CF24B0B,D72F5685-BE57-4750-870E-BC10263C7F6A,46BC8E63-95A4-4643-B34E-B296E0D76E54,FF6DA06C-37C3-4355-A361-E842C8A204C3,46BC8E63-95A4-4643-B34E-B296E0D76E54,5927024268,CD31341,RU,91.185.74.152,CD31341p59774___2119552___2185832___7112451187638948___A01033-59774___4603
"2016-11-06 11:06:02","2016-11-06 11:08:17",2B78E1FB-1EFF-4DA8-8694-A97A40564690,"iPad2,5",02:00:00:00:00:00,83CEBD50-A0B1-4E32-BC12-FD1E9F8C20A5,D72F5685-BE57-4750-870E-BC10263C7F6A,83CEBD50-A0B1-4E32-BC12-FD1E9F8C20A5,2B78E1FB-1EFF-4DA8-8694-A97A40564690,46BC8E63-95A4-4643-B34E-B296E0D76E54,2B78E1FB-1EFF-4DA8-8694-A97A40564690,5927031303,CD31341,RU,95.104.255.55,CD31341p59774___2119552___2185832___8502355428275502___A01033-59774___4603
"2016-11-06 11:17:57","2016-11-06 11:22:14",9FCBE008-078F-4169-9EF6-2AAAF126C48D,"iPhone4,1",02:00:00:00:00:00,9F666731-BD40-4772-A48B-93B91C6A759E,,,9FCBE008-078F-4169-9EF6-2AAAF126C48D,,,5927050884,CD31341,RU,178.205.62.34,CD31341p59774___2119552___2185832___1083338914208012___A01033-59774___5077
"2016-11-06 11:43:03","2016-11-06 11:45:24",E2A132CF-0520-4365-BA76-664BC1EE1547,"iPad2,5",02:00:00:00:00:00,6EA520E1-6680-4803-96F7-0938CC62C2E1,83CEBD50-A0B1-4E32-BC12-FD1E9F8C20A5,6EA520E1-6680-4803-96F7-0938CC62C2E1,E2A132CF-0520-4365-BA76-664BC1EE1547,2B78E1FB-1EFF-4DA8-8694-A97A40564690,E2A132CF-0520-4365-BA76-664BC1EE1547,5927084216,CD31341,RU,95.104.243.27,CD31341p59774___2119552___2185832___6359312998176048___A01033-59774___4603
"2016-11-06 12:13:34","2016-11-06 12:20:57",CDA3DF27-AAE6-4543-8EDA-80121D2FB049,"iPhone6,1",02:00:00:00:00:00,7B69C5A5-E787-4A81-89B0-714241281085,,,CDA3DF27-AAE6-4543-8EDA-80121D2FB049,,,5927132351,CD31341,RU,109.201.98.165,CD31341p59774___2119552___2185832___0561155863453844___A01033-59774___5077
"2016-11-06 12:36:59","2016-11-06 12:40:03",C3C29B07-32E1-4EAD-BC31-EE93E62A523F,"iPhone6,2",02:00:00:00:00:00,10CE28B0-C25D-49DF-A98F-7EB0A823E06D,,,C3C29B07-32E1-4EAD-BC31-EE93E62A523F,,,5927166847,CD31341,RU,46.48.210.111,CD31341p59774___2119552___2185832___1577835416277190___A01033-59774___4603
"2016-11-06 12:59:00","2016-11-06 13:02:12",E9DBD4CD-9026-40ED-86F5-4D0798F6DC6D,"iPad2,7",02:00:00:00:00:00,6833829C-989E-405A-90B2-83E5807BB883,,,E9DBD4CD-9026-40ED-86F5-4D0798F6DC6D,,,3241828945,CD31341,RU,109.108.59.41,CD31341p59774___2119552___2185832___8294819342052315___A01033-59774___4603
"2016-11-06 13:20:22","2016-11-06 13:24:02",35AB5B83-A17A-4D41-8BAA-5656DADFA4C4,"iPhone4,1",02:00:00:00:00:00,B6950349-3297-475D-A014-F9F7CD19E0E4,,,35AB5B83-A17A-4D41-8BAA-5656DADFA4C4,,,5927236251,CD31341,RU,188.18.15.100,CD31341p59774___2119552___2185832___7732391723581224___A01033-59774___5077
"2016-11-06 17:16:21","2016-11-06 17:18:40",E2A132CF-0520-4365-BA76-664BC1EE1547,"iPad2,5",02:00:00:00:00:00,0918141C-9442-441D-B9AD-24551C8D862C,6EA520E1-6680-4803-96F7-0938CC62C2E1,0918141C-9442-441D-B9AD-24551C8D862C,E2A132CF-0520-4365-BA76-664BC1EE1547,E2A132CF-0520-4365-BA76-664BC1EE1547,E2A132CF-0520-4365-BA76-664BC1EE1547,5927084216,CD31341,RU,95.104.243.27,CD31341p40659___2119552___2185832___9091731678922106___A01033-40659
"2016-11-06 17:29:04","2016-11-06 17:34:10",E13F4C36-66D5-4DFE-9C3F-64E99A2D29CA,"iPhone5,2",02:00:00:00:00:00,94797F7F-B8D5-405C-9FE0-EAC4D92C782C,,,E13F4C36-66D5-4DFE-9C3F-64E99A2D29CA,,,5927613606,CD31341,RU,31.173.101.1,CD31341p59774___2119552___2185832___3422903299857531___A01033-59774___4603
"2016-11-07 03:43:01","2016-11-07 03:44:50",00000000-0000-0000-0000-000000000000,"iPhone5,4",02:00:00:00:00:00,DE13E6A8-D217-4F5B-AFAC-49830A396C6A,,,00000000-0000-0000-0000-000000000000,,,5928218423,CD31341,RU,5.136.67.243,CD31341p59774___2119552___2185832___7919765707252913___A01033-59774___5077
"2016-11-07 03:53:59","2016-11-07 03:56:28",D513CA6A-8B91-466B-976E-DB3963E45FBD,"iPad2,5",02:00:00:00:00:00,6E9FC366-C9D6-4C1B-A5CC-D86B21AB068F,0918141C-9442-441D-B9AD-24551C8D862C,6E9FC366-C9D6-4C1B-A5CC-D86B21AB068F,D513CA6A-8B91-466B-976E-DB3963E45FBD,E2A132CF-0520-4365-BA76-664BC1EE1547,D513CA6A-8B91-466B-976E-DB3963E45FBD,5928226278,CD31341,RU,91.185.90.93,CD31341p59774___2119552___2185832___6007293282741891___A01033-59774___4603
"2016-11-07 04:27:10","2016-11-07 04:29:43",1695D642-B213-4FE4-A22F-7743F1903716,"iPad2,5",02:00:00:00:00:00,CBFCBCD1-5A8D-4459-908F-DAFE462B5122,6E9FC366-C9D6-4C1B-A5CC-D86B21AB068F,CBFCBCD1-5A8D-4459-908F-DAFE462B5122,1695D642-B213-4FE4-A22F-7743F1903716,D513CA6A-8B91-466B-976E-DB3963E45FBD,1695D642-B213-4FE4-A22F-7743F1903716,5928250764,CD31341,RU,91.185.77.41,CD31341p59774___2119552___2185832___8879995594178782___A01033-59774___4603
"2016-11-07 04:59:38","2016-11-07 05:06:35",AC3E1C6D-5666-4F4D-886F-9EB08449AA59,"iPhone4,1",02:00:00:00:00:00,A0DB95C9-7BD7-4E29-AF1F-31F577D24B02,,,AC3E1C6D-5666-4F4D-886F-9EB08449AA59,,,5928278283,CD31341,RU,31.211.13.164,CD31341p59774___2119552___2185832___3418176100958391___A01033-59774___4603
"2016-11-07 05:05:29","2016-11-07 05:08:27",5578C09D-8CCC-4B5E-AEC6-C2702D74753B,"iPad2,5",02:00:00:00:00:00,26E99F0B-94D1-40C6-84B8-E25A9C916C09,CBFCBCD1-5A8D-4459-908F-DAFE462B5122,26E99F0B-94D1-40C6-84B8-E25A9C916C09,5578C09D-8CCC-4B5E-AEC6-C2702D74753B,1695D642-B213-4FE4-A22F-7743F1903716,5578C09D-8CCC-4B5E-AEC6-C2702D74753B,5928279769,CD31341,RU,95.104.248.166,CD31341p59774___2119552___2185832___6561452919422368___A01033-59774___4603
"2016-11-07 05:23:30","2016-11-07 05:25:27",8BF6E1FD-8B98-438F-89A3-3800648AD787,"iPad4,2",02:00:00:00:00:00,0707C7B4-6EEC-4561-94D3-BF466F2FFD37,94442989-8011-4B7F-A82C-B80E93437C1F,0707C7B4-6EEC-4561-94D3-BF466F2FFD37,8BF6E1FD-8B98-438F-89A3-3800648AD787,9654B3B9-75CA-40BF-AFF5-62EB41410B53,8BF6E1FD-8B98-438F-89A3-3800648AD787,5928291901,CD31341,RU,109.252.45.199,CD31341p59774___2119552___2185832___5888414734668627___A01033-59774___4603
"2016-11-07 07:05:16","2016-11-07 07:07:21",56ECDB09-6787-4166-AC2D-401EB18BA77B,"iPhone7,2",02:00:00:00:00:00,E7889321-9825-4C6C-B5A9-F11DF77834AD,,,56ECDB09-6787-4166-AC2D-401EB18BA77B,,,4783300366,CD31341,RU,176.14.246.107,CD31341p59774___2119552___2185832___0210292616899541___A01033-59774___4603
"2016-11-07 11:35:49","2016-11-07 12:01:40",E0CE9142-4647-4064-8A2D-903E8AC979D5,"iPhone7,2",02:00:00:00:00:00,F9422730-4D7B-4AB6-87AD-2A05F3967934,,,E0CE9142-4647-4064-8A2D-903E8AC979D5,,,5148303954,CD31341,RU,195.20.195.163,CD31341p59774___2119552___2185832___8792323532333025___A01033-59774___5077
