"Sub Publisher",Attributions
,6
01a112f9b1601d19a85fd029ef28eb1bd0019aad,1
02ab288ae6203a3994b1f60b5a2675c475baa0d8,3
05893209e32c410150c67b6d87dfb0c3bca41d0d,1
09d694732fcac72cfa11fcc72f5bd21e0be2f92d,2
09f9edecedd2841e6fe661ccba98c46ed15074c8,1
0d18e0d7a63d970a3842d2c69de28db96064fd136cd2838a636c73367de29630a2abd0961a70185dce2fbe3a53bfc7513b7ee19b8436e02a34d9f4430c8a1205b724a2d0774721887d583f0067368611952f695c7cf7d6aec76cc78856504d27,2
0d6d038cc8a4d9a2f2e665057a19cc713b77378d,2
1000161,2
1000180,2
1000283,133
1001047,1
1001317,5
1001564,21
1001995,2
1002067,3
100227,1
100268,1
100319,33
1003237,1
1003320,1
1003734,7
1003995,1
100433,1
1004578,11
1004713,5
100476,1
100483,3
1004981,1
1005185,1
1005229,2
1005284,2
1005736,1
1005753,4
1005919,84
100602,1
1006202,1
1006203,60
1006433,22
100655,52
1007033,2
1007049,17
1007553,2
100779,5
1007918,1
1008081,168
100818,37
100822,5
1008301,1
1008345,266
1008403,2
1008621,2
1008649,1
1009152,3
1009225,107
100957,24
1009671,10
1009679,1
100968,18
1009711,1
100984,3
100986,16
1010046,1
101020,8
101061,3
101062,1
1010694,22
1010732,1
1010761,31
101092,1
101114,10
1011142,1
1011349,6
1011453,1
101148,1
1011908,4
1011936,2
1012005,5
1012110,1
101234,1
1012584,1
1012594,1631
1012595,7
1012648,6
101288,2
1012895,1
101302,5
1013027,11
1013206,3
1013414,3
1013445,3
1013654,1
1014374,10
1014377,15
101446,1
1014528,2
1014624,1
101472,1
1014726,1
1014729,31
1014889,3
101489,1
1015056,2
1015143,1
1015197,4
1015278,170
1015506,1
1015592,4
101598,1
1016180,1
1016281,2
1016290,2
1016395,1
1016400,3
1016551,16977
1016552,2
1016577,2
1016929,2
101744,2
1017607,4
1017755,1
1017936,36
1017955,39
1018209,1
1018475,2
101851,101
101868,1
1018764,6
101890,3
1018924,1
1018927,1
101894,1
1018977,1
1019115,1
1019132,1
1019174,1
101919,1
101921,1
1019324,3
1019404,34
1019467,1
1019610,8
101985,1
1019879,5
1020083,1
1020204,43
1020381,1
1020691,3
102087,2
1021120,17
102123,1
1021247,1
102131,103
1021331,8
1021656,36
1021777,75
1021962,22
1022683,3
1022725,1
1022900,1
1023218,2
102370,65
1023964,4
102411,1
102417,1
1024250,26
102476,3
1024834,2
1025308,4
1025740,8
1025800,4
1025862,2
1026016,1
1026025,2
1026443,2
1026446,20
102648,1
1026771,14
1026894,1
102695,1
1027107,1
1027204,1
102740,2
1027459,2
1027583,1
1027711,1
1027778,31
1027781,1
1027814,1
102795,2
1027962,10
1027985,6
1028026,1
1028044,3
1028421,8
1028573,4
1028708,21
1029043,2
1029044,2
102911,1
1029253,1
102928,44
102937,7
102959,1
1029704,1
1029706,18
1029707,19
1030052,1
1030072,17
1030095,8
1030096,1
1030272,1
1030402,12
1030415,9
1030666,1
1030675,1
1030838,1
1030895,1
1031006,1
103111,1
1031176,1
1031214,5
1031294,3
1031316,1
1031420,63
1031606,2
1031655,14
1031665,3
1031720,13
103192,1
1031946,3
1031966,1
1032049,1
1032098,120
1032182,2
1032281,3
1032354,1
1032445,2
103254,2
103258,1
103272,2
103305,1
1033079,1
103308,5
1033127,1
1033571,132
103365,1
103368,1
1033720,1
1033727,6
103375,15
1033805,16
1033887,3
1033969,3
1033970,1
1034083,1
1034111,25
1034126,12
1034277,143
1034291,20
103432,1
1035003,10
103502,7
1035021,1
1035086,1
1035238,1
1035259,1
103527,3
1035274,1
1035423,2
1035541,1
1035571,2
1035595,12
1035879,1
1035927,1
1035938,1
103600,1
103606,9
1036113,1
1036130,6
1036293,2
103630,1
103639,22
1036748,1
1036785,2
1036859,1
1036861,15
1036968,9
1037082,3
1037149,2
1037248,1
1037258,18
1037274,57
1037461,1
103748,128
103761,101
1037653,3
1037828,20
1037836,1
1038210,36
103829,4
1038574,8
1038945,73
1038946,3
1039094,1
1039226,1
103931,1
1039326,4
1039374,7
1039524,4
1039528,9
1039886,5
1039970,1
1039983,1
1040058,1
1040098,1
104034,2
1040501,22
104067,4
1041166,4
104134,12
1041371,54
104138,1
104152,1
1041533,1
1041740,5
1041796,1
1041800,6
1041880,1
1042051,1
1042088,4
104215,3
1042218,1
1042545,1
1042596,1
104262,1
1042644,1
1042740,4
1042791,1
104288,1
104299,2
1043526,9
1043562,4
1043601,1
1044048,1
104409,3
1044093,202
1044120,1
1044157,1
1044170,1
1044440,1
1044480,1
1044725,1
1044806,6
1045013,7
104517,1
104520,2
1045209,1
1045232,1
1045487,2
1045689,1
104579,12
1045833,10
104610,3
1046389,28
1046468,223
1046487,2
104661,1
1046953,6
1047022,1
1047050,1
104706,1
1047103,1
104727,1
1047445,1
104746,1
1047509,24
1047789,23
1047898,1
1047907,2
1048131,5
1048350,31
1048386,13
1048563,1
1048857,1
1049085,2
104947,1
1049579,3
104989,6
1049979,10
105018,1
1050369,1
105037,19
105039,1
105059,2
105090,1
1050900,1
1050996,2
1051119,6
1051343,2
105143,75
1051626,1
1051783,2
105182,110
105187,1
1052036,1
105215,6
1052155,35
105221,2
1052681,1
105275,81
105276,46
1052928,1
105297,1
1053000,4
1053052,5
1053071,2
105311,1
105324,3
1053276,5
105352,7
1053532,1
1053575,7
1053629,15
105404,7
1054167,1
1054259,2
1054338,2
105461,39
1055103,5
1055385,6
1055437,2
1055497,1
105557,1
1055733,5
1056005,1
1056033,18
1056331,1
1056375,1
1056411,4
1056423,12
105675,2
105678,4
105693,1
1057206,14
105734,6
105754,1
105758,5
105765,3
1057721,1
1057763,1
105824,1
1058390,1
1058619,32
1058760,1
1058932,1
1059206,1
1059414,1
1059794,2
1059797,1
1059822,1
1059879,1
106001,3
1060111,1
106022,1
106023,1
106033,1
1060345,3
1060473,1
1060483,5
1060554,2
1060715,1
1060787,2
106081,11
1060815,1
1061352,1
106137,1019
1061442,1
1061542,1
1061555,1
1061557,1
106156,172
1061946,1
1062228,1
106235,105
1062433,1
1062530,2
1062687,1
106286,1
1062904,1
1062926,7
106298,1
106328,1
1063347,46
1063484,233
1063792,1
106381,178
1063874,1
1063923,2
106396,7
1064073,2
1064269,2
106439,1
106455,1
1064693,25
106506,12
1065072,1
106509,80
1065417,1
106545,2
1065490,1
1065527,3
1066196,6
1066236,1
106630,2
106653,2
1066580,1
106678,6
1067090,1
106721,1
106736,45
1067406,2
106749,1
106759,2
1068087,1
1068158,1
1068225,1
1068425,7
1068450,1
1068487,3
1068618,2
106873,1
106879,9
1068902,5
1068912,1
1068972,1
1069093,3
106931,2
1069381,12
106977,1
1069865,2
1069b78a70a2ca378050e2ebb6a6dc3d8be95394,1
1070027,1
1070061,1
1070104,1
1070298,3
1070302,11
1070395,1
1070568,34
1070598,2
1070688,3
107075,5
107081,3
107084,1
1070861,1
1070862,1
1070931,3
1070964,1
107121,1
1071503,2
107172,1
107179,1
1071937,71
1072051,1
107214,1
1072140,1
1072146,1
107215,5
107231,1
1072431,1
1072457,2
1072638,2
1072864,1
107347,6
107350,8
107353,4
107357,2
1073582,1
1073667,1
1073718,2
1073777,80
1073815,1
1074445,3
1074484,1
1074525,1
1074546,2
1074548,2
107487,1
1074926,10
1075029,2
1075031,1
107543,1
1075501,14
1075524,1
1075763,10
1075828,1
1076085,1
1076134,2
1076175,3
1076266,5
1076385,1
107642,1
1076870,9
107697,1
107698,1
107700,1
1077024,1
1077044,1
1077298,1
107734,1
1077409,1
1077618,1
1077731,1
107774,1
1077814,2
1077978,5
107815,2
107817,1
1078280,1
1078340,2
107838,1
1078536,2
1078639,1
107874,2
107884,64
1078887,1
1078908,1
1079026,1
1079046,1
1079164,1
1079224,75
1079466,1
1079482,4
107979,1
1079836,1
1080494,43
108057,2
1080920,1
1080921,3
108100,2
1081021,1
1081092,5
1081182,1
108123,1
1081464,1
1081572,1
1081590,3
1081600,1
1081602,1
108209,1
1082221,1
108248,2
1082569,1
108261,87
1082640,7
1082719,12
108281,1
1083365,2
1083557,2
1083564,2
1083701,1
1083763,1
1083874,3
1083912,1
1083921,1
1084052,1
1084122,1
1084143,1
1084372,1
1084424,1
1085,1
108505,1
108511,2
1085122,1
1085127,1
108517,1
108536,1
1085426,1
1085540,1
1085581,1
1085628,1
1085703,2
1085853,1
108590,1
108622,1
1086409,2
1086425,1
108658,13
1086624,1
108675,121
108769,3
1087735,2
108783,2
1088099,6
1088129,2
1088654,2
1088977,1
1089325,1
1089382,4
1090100,4
109026,110
109029,132
109030,1
109060,31
109078,1
109082,8
109093,3
109117,1
109139,2
109146,1
109305,1
109328,3
109428,3
109439,1
109443,1
109630,1
109639,7
109647,1
109661,3
109683,1
109697,2
109711,2
109732,1
109781,7
109815,4
109848,4
109854,7
109855,1
109859,285
109874,1
110014,3
110016,1
110103,3
110145,2
110158,1
110164,1
110169,3
110211,48
110215,3
110216,3
110259,1
110263,1
110324,2
110454,1
110462,1
110500,1
110512,1
110526,1
110606,6
110639,1
110775,1
110780,1
110791,1
110797,37
11081,3
110899,1
110920,1
110921,307
111048,1
111049,12
111132,7
111164,4
11117,2
111236,2
111275,1
11139,210
111397,7
111399,4
111400,3
111454,10
11153,1
111542,2
111600,2
111634,1
111646,95
111666,1
111677,1
111747,21
111762,1
111804,1
111805,2
111807,2
111885,5570
111896,1
11190,1
11193,24
111985,4
112087,1
112115,1
112136,1
112146,3
112186,2
112217,1
112247,1
112265,2
112293,13
112301,1
112397,1
112399,1
112405,2
112416,1
11253,49
112560,1
112572,1
112596,1
11261,32
112641,1
11266,1
11268,2
112756,2
112871,1
112873,1
112927,4
113008,27
11302,1
113040,1
113198,2
113254,2
113261,21
113418,1
113476,1
113536,1
113544,16
113614,1
11364,1
113644,1
113707,5
113712,1
11373,12
113743,1
11375,103
11383,23
113871,2
113949,2
113956,1
113960,2
113970,8
113976,3
113985,2
114009,10
114111,20
114125,3
114259,1
114323,1
114601,9
114761,3
114767,1
114804,1
114824,1
11483,1
114862,8
114908,12
114959,3
115093,1
115207,1
115308,3
115322,2
115327,1
115370,3
115443,84
11547,24
115609,2
115621,1
11577,1
11586,1
115887,1
116128,1
116202,1
116214,39
116233,18
116239,7
11633,7
116338,1
116386,1738
116389,8
116406,7
11645,1
116514,1
11656,6
116612,7
116636,1
116667,5
116702,1
116745,8
116813,1
116859,1
11704,3
117063,1
117093,1
117157,2
117190,3
117289,1
117307,1
117323,12
117389,1
117420,1
117430,4
117518,1
117556,3
11765,6
117709,3
11798,1
117994,79
118104,10
118108,2
118121,1
118159,1
118176,1
118184,1
11828,33
11831,2
11834,213
11845,26
11856,1
118561,1
118604,1
11861,11
118718,1
118749,1
118830,1
118836,1
118913,1
118937,9
118938,3
118965,1
119052,1
119065,1
119066,1
119106,1
119163,1
119169,1
119230,4
119306,44
11938,2
11939,28
119406,1
119620,2
119748,1
119916,3
119918,1
119982,2
119991,1
11b1f33d04d7f0f11029cacbecb5be86,1
120,1
120001,1
120054,2
120149,1
12017,2
12021,1
120234,1
120247,13
120531,3
121159,1
121318,1
12180,5
12196,1
12204,1
1226,1
12302,2
12304,3
12349,157
12355,2
123640,1
12393,36
12467,2
125,1
12515,5
12553,3
12618,13
12647,9
12654,3
12658,99
12688,1
127,1
12723,58
12728,6
12832,46
12faea348260b44acd5bd0bda005d0f5,1
13050,11
13077,2
13104,1
131621828,14
131621830,1
131621831,1
131621835,2
131621836,122
131621898,2
131622008,1
131622063,7
131622066,25
131622168,1
131622171,2
131622348,1
131622424,8
131622425,1
131622426,6
131622577,1
131622939,15
131623026,1
131623046,2
131623065,2
131623075,2240
131623161,1
131623206,25
131623314,64
131623336,18
131623395,2
131623429,1
131623437,1
131623507,1
131623529,4
131623642,1
131623706,65
131623855,1
131623861,4
131623862,7
131623871,5
131623918,6
131624239,1
131624383,22
131624384,42
131624420,1
131624428,1
131624435,2
131624508,1
131624510,118
131624550,31
131624552,4
131624568,4
131624585,1
131624712,30
131624713,51
131624733,1
131624768,3
131624853,2
131624885,1
131624915,1
131624935,1
131624959,3
131624964,60
131625169,8
131625196,4
131625213,7
131625255,9
131625505,2
131625538,6
131625589,1
131625613,4
131625618,1
131625664,1
131625827,5
131625828,7
131625829,12
131625831,70
131625844,1
131625883,1
131625936,4
131625951,29
131625989,2
131626149,3
131626217,59
131626228,1
131626233,107
131626270,1
131626346,296
131626348,5014
131626496,21
131626508,5
131626518,1
131626677,1
131626693,3
131626765,7
131626779,1
131626815,29
131626833,1
131627010,4
131627087,7
131627111,1
131627213,4
131627268,1
131627313,1
1320,1
13203,127
13284,2
1337,2
13406,2
13442,11
1370,1
1373,1
1374,1
13760,7
13850,133
1392,1
13939,1
13983,1
14014,2
14023,3
14024,1
14032,3
14121,86
14194,2
14199,53
14328,1
14340,124
14442,1025
14448,30
14458,4
14550,42
14569,21
14592,1
14654,12
14699,1
14785,2
14820,1
14880,1
14901,18
14917,13
14962,1
14990,2
14993,2
14996,8
1507,1
15103,3
1512,1
15120,21
15163,53
15189,9
15268,5
1534,2
15351,32
15352,35
15358,3
15376,129
15539,3
15553,8
15619,12
15622,4
15629,4
15658,1
1574,4
15933,14
15934,648
15935,4
15936,93
15937,1
15938,1338
15939,1
15940,22
15942,5
15946,1409
15948,85
15950,83
15953,110
15960,2
15983,1
15994,3
16017,4
16076,7
16100,8
16128,9
16200,3
16201,8
1622,3
16351,123
16405,8
1642,2
16465,9
16538,5
1654,1
166ea81afb1f301aac3f702293003905a5cf67ea,1
16966,66
17028,11
17085,1240
17217,24
1725,1
17259,31
1730,5
17329,1
17355,1
17362,7
17629,86
17634,1
17671,5
17756,1
1780,3
1781,4
17873,2
17914,88
17939,1
18170,10
18193,8
18213,2
1825,1
18372,2
18391,80
18407,1
1845,4
18462,2
18507,3
18549,6
18598,60
18618,2
18669,1
18670,3
18671,7
18677,11
18695,1
18778,2
18937,4
18964,1
1897,2
18c609fbb0f854ea9b5f0ed0f4f4d7d78fdcc13d,1
19015,3
19092,15
19186,1
19216,1
1924,10
19307,4
1936,1
19537,158
19629,2
19689,1
1969,1
19691,3
19790,1
19907,6
19929a87a193cc3e44748bd9428cadf9,1
19935,19
19967,3
19987,8
1a075718962ab2812ab41f3ba0dba1ff28f4ea48,2
1b49713dc0f4ab762dcbef5ee1e5f79227fd8ad1,2
1c0e710e9b72d9a3b6b69decda8725daa2d010db,1
1c16d116c8266c9dcc479a01bfbab4ae8ef2c2bd,1
1e97aa01cfc7bbb272489a37cc6fe011b38e568d,1
1eae815004d48abacdd0ea30c0e5f3508d72debb,1
1ff14af107e5c41d9e57dc20c344ed0d3a47eac0,1
20083,109
2009,4
200f3cf3decfdd5cb81fa2fbf09a622335c010ec,1
20144,88
2018,4
20180,76
2020,1
20271,5
20300,1
20356,1
20370,1
20446,2
20447,1
20567,54
20581,3
20676,6
20721,451
20834,4
208799b052fe8690feb535cfda6158efcaf1f076,1
20955,104
20956,1
20970,2
21005,1
21008,1
21041,4
21049,3
21117,4173
21120,1
21130,1
21141,3
21147,1
2116,4
21169,83
21196,9
21210,1
21265,1
21415,1
21416,7
21434,1
21478,1
21512,1
21615,1
21624,3
2164a437b327e14c6e83cc337ec5c4bdcd943c8f,1
21732,1
21837,1
22040,8
2208,1
22405,11
22408,1
22422,12
22433,1
22500,1
22532,9
22598,20
22600,1
22612,1
22793,18
22911,19
22912,24
2299993c91685ed46b7dfd91e91e2956a7b2080b,7
22ef5b1b7da8eeed1187d1f7a203d96db4224f19a9e00d4b1ab1a90038a0a3d9ab41d4e650e55b4df195a1ff7414cd117b631bac502d5eee64a6fa3a11f60722906affa60c61d044991d57ed7a71cd9cb4f042f99553998392fee846b07db3e2,1
23143,3
23148,5
23163,1
23183,29
23217,2
23243,1
2327,1
23273,4
23326,11
23374,1
23440,1
23500,287
23511,1
23517,1
23586,11
23679,2
2372,3
23773,1
23829,2
23880,1
23c0f91f4951aaeca78130ba127dc9db,1
24073,1
24134,28
24161,1
24228,18
24446,3
24594,25
24597,1
24734,1
24778,1
24837,1
25033,27
25188,122
25203,29
25210,2
25223,1
25237,1
25251,2
25327,1
25350,1
25380,7
25420,4
25632,1
25652,8
25743,60
25745,1
25747,2
25777,14
26052,14
26076,1
26108,1
26113,14
26169,6
26186,2
26189,4
26248,1
26279,45
26366,1
26422ce6775ff9c4e39f7abd8718949781c8ee9d,1
26507,1
26508,2
26668,1
26686,197
26739,1
26809,5
26814,1
26892,9
27027,6
27031,143
27037,1
27051,2
27058,1
27078,1
27105,2
27206,42
27323,8
273305e42914fb6bc4c6a19b35e6ccfec91e0dc6,1
27645,1
27683,2
276bb989d1dc50ec7b898f774008e673100fcf79,1
27803,2
27893,1
27903,3
27924,1
28016,1
28023,15
28187,9
28282,79
28283,37
28309,5
28349,7
28479,1
28486,10
28487,134
28488,22
28490,29
28491,120
28494,54
28500,1
28545bd745686e69ee1ebfda294119045817af50,1
28566,60
28692,1
28964,1
29043,2
29144,1
29164,2
29170,4
29202,57
29205,13
29245,1
29345,1
29508,1
29552,3
29752,1
29780,3
29785,25
2ab91c3fdcae7823618c33b94d660d412dadc213,3
2f81704b281a7004909c16a61cda294c44cf5e3f,1
2fa9d2bd98af5844ee5f7f06ff7403e2bd6da8c0,1
30005,2
30078,7
30141,6
30160,11
30183,57
30184,112
30193,130
30267,1
30342,8
30371,1
30489,1
30543,1
30576,2
30594,4
30598,22
30730,1
30871,6
30bca902876c21f7cfe8517bbd475db582f8ba14,1
30e56c41c49c1e463b404c869819933541cb355d,1
30f88494aa29da10ef62887009824fa6e85f5447,1
31227,68
31387,1
31433,1
31451,13
31474,1
31475,13
31603,20
31626,1
31712,1
31883,1
31895,276
31938,4
31d61a09487b9447fd6970bbc7c97a6fcc26d98c,1
32020,1
32022,5
32050,5
32160,11
32164,2
32176,1
32322,5
32337,5
32340,2
32341,1
32347,14
32348,40
32350,5
32361,65
32541,4
32684,664
32862,1
32880,1
32ba606587bd117308ad07f56e5da3774246790d,3
33070,1
33162,1
33183,1
33228,1
33355,133
33364,1
33441,1
33478,1
33480,57
33535,1
33564,1
33566,27
33623,65
33666,6
33696,25
3395339f8cbf2b91792d3bd5a38c1d52175f3962,1
34186,6
3432bc1d7ed6f6ac618bec72a9d7be06630df17b,1
34440,1
34542,16
34713,1
34817,3
34844,7
34914,2
34937,1
34953,3
34996,5
34ccfec4482b9b42b7cec9c277650742ffc86015,1
34e1c44ac6caa9c69aa2c08f8363ce9eddc62fa5,1
35016,63
35022,26
35044,1
35059,1
35103,1
35440,4
35449,1
35477,40
35584,14
35734,1
35786,4
35803,277
35877,31
35939,2
36608,1
36614,42
36615,1
36765,5
36827,1
36828,44
36829,263
36832,1
36929,1
37008,1
37012,5
3705cbbde82704fcecdbaa9fed64f0a56d2c8c68,1
37061,6
37070,4
37115,67
37134,32
37432,1
37438,2
37584,81
37767,1
37941,2
37a18a07ba8eebe04ef5b17ad161dc3cec46940e,1
38049,1
38123,3
38186,9
38302,1
38365,3
38379,2
38390,1
38392,6
38399,25
38654,123
38657,21
38660,7
38695,3
38718,1
38909,1
38940,1
39061,3
39225,14
39555,1
39626,128
39674,5
39821,39
39829,1
39905,1
39929,2
39930,1
39950,1
39996,4
39c7c188ad2777c522deecb68b63da77edde3e47,1
3a9dc75fb35bed1f0cd4ff37497543e898b093770e9615358956a71ce909eec9a2602848de6e840a2d595e781bdc9189ffcd752845d10b51d8503a8f55b3e97e5ae1d4202e10ebb50c4113cdda426f0319abc11e0bdedf46c3b51683543fdc08,1
3d832639e05ed7901be0f3b43ddc3869,5
3e941032ca01c0b0a223e40468f54f653c241f36,1
3f0b9544020fbb11d9a9407254558c049571748d,1
3ff4b775f82e8863e8baffc180cea0df6025b397,1
40010,1
40052,1
40209,1
40231,3
40330,1
40435,30
40530,143
40545,1
40582,1
40700,1
40751,1
40891,4
41152,4
41154,7
41199,2
41272,1
41408,3
41446,4
41520,1
41565,168
41566,1
41583,1
41678,1
41702,9
41710,2
41741,2
41765,18
41827,82
41862,1
41901,4
41962,3
42051,4
42063,1
42064,4
42154,1
42390,1
42399,1
42993,393
43019,1
43198,1
43214,3
432160a1243e83c6f90048eb7e00398377251541484e5b3d396716e4c4d1b4b66985af5538aaaa61adce306f121f94a93d87900a4bedad4427095814e92c3ab15a97eef02dde9feeb6c006971141f0b739e79b406047d3a886294d44984787ec,2
43327,1
43415,236
43459,4
43490,364
43515,1
43574,1
43744,4
43747,4
43766,3
43805,2
43959,1
43bded4705a5c483a7ddffe4e031dd3b,1
44011,1
44043,2
44454,3
44575,4
44826,1
44836,1
44854,22
44954,1
44f9c958ac4b526a21092e15afbf718abc477512,3
4504876769-657,1
45159,1
45243,14
45373,1
45390,4
45408,2
45473,1
45ad7dbdeced0fe75268e4ec34d22d8d8b074541,1
46041,1
46310,1
46408,12
46413,1
46620,1
46661,52
46758,6
46795,1
46839,2
46848,1
46920,1
47,1
470b5d02328b7c1d2b2fc582911d2fb3,2
47159,1
47262,1
47370,8
47372,109
47443,4
47603,1
47646,12
47884,1
47899,1
48144,2
48151,6
48152,11
48154,25
48155,2
48194,145
481f3362fa79eb6d33ac76306992f7a5c2b6b03d,1
48277,9
48470,8
48494,1
48625,1
48677,1
48689,9
48774,1
49,1
49002,1
49006,1
49055,1
49085,15
49088,2
49095,1
49096,96
49161,1
49424,1
49469,1
49662,1
49707,4
49746,3
49853,27
49854,2
49955,2
49987,1
49996,6
49998,63
4a46927dc2741e56ef731cc2f46548396f05e2f3,1
4c5dcb5386a4b0e1a9a01c892e64558eff21fc90,1
4ccea77e826958d5b5cd747330aa1c5fe2915f46,1
4d6a682f25902996919a7ba2d8b20044ef5fad5c,1
4de5cff8a2446603299aa0cf5b9dd963df99e99c,1
4e5d8de9ea28745ba08210cbc6480039e6f7aadf,1
4edbb84148aaaf53c3d600f8e425915c0a33f299,1
4f1bbd80354091a202af6d4d91cdf48f2762e33b,1
50042,16
50046b006,2
50046b006d791be34e17e959,2
50048,19
50101,1
50259,4
50272,14
50280,1
50313,1
50318,1
50406,7
50529,1
50557,2
50595,1
50672,8
50675,2203
50676,2
50677,1
50763,1
50776,1
50824,2
50904,11
50f5ddd21,1
51039,71
51050,39
51078,6
51298,2
51362,1
51369,13
51372,2
51676,4
51678,10
51734,1
51737,4
51761,2
51764,7
51816,1
51904,1
51fa13f27dfd34f2c912e734a9683ddd,1
52170,1
52188,2
522608201,1
52333,2
52334,16
523cf201d7f327f9aef08e5d49edab5ed2b10562,1
52421,3
5242caf9a,1
52505,22
52524,1
52539,19
52540,1
52584,1
52586,7
52598,5
52a764b09,4
52a764b09fd76a3932000008,4
52a861166,1
52b7d6c4108fe8347200000a,1
52eb1d5c1,1
52feb79227bc0e8b1f93b04b458448442dc5570f,2
5346f0237,1
53536,2
53624,3
53652,1
53687,1
53983,2
53987,1
53e0f922936129bc6d000033,1
5432c0f02f64768173000111,1
54443,4
54465,4
54538,1
54549,1
5455d27fcd36fecb8b6b32272d756816b4de5541,1
54602,497
54620,1
54627,62
54663,8
54676,1
54683,1
54684,5
54686,1
54691,2
54747,1
54789,2
54812,1
54814,4
54950,42
54990,2
54b3c863c,1
54b3c863cce46dc77000002f,1
54d6c432355699a8b9adb301d9dbf035ba62b3d0,1
55001dbe4fdebb3e3d00000d,1
550b9b50a21af39417000112,1
55105,7
55238,8
55301,5
553f51b76f6171135f00004a,1
5552167b1,1
55651,1
55732,11
55766,1
55783,1
55847,42
55848,13
5587c25959b1a0201a0001ad,1
55c9a4c36c09eb2e5b000388,1
55dc1da00,1
55ef5f4a54f4d7ba7d0000d6,1
55f9fd3a33fe9e205d000110,1
56078,2
56310,23
5631c2ccc,1
56373,1
5642ec07b3ec8e0d32000025,1
5645ea34d86cc1d66200000e,2
56473,2
56474,38
564eb851b,1
564eb851bb12d7121800001a,4
564fd9d0508f55b94c000008,1
56558,1
56647,15
56659bfed,1
5666223a1add9d293f000018,2
56685,6
566f71063fc0263d5a00000e,2
5672733ddad2b58449000017,1
56769,1
56804,1
56838,1
56873,86
568bada23,1
568bada231b4612e63000017,1
569cf3b29,1
569cf3b29ae6b1203d000008,4
56a2467db,2
56a2467dbfc176ec7b000019,6
56a5c7027,1
56a646fccb4c18454e000018,2
56a686ba19c0c94c09000010,1
56ab223d9255820e0c000047,2
56ad700a6,1
56b0a4581,1
56b0a4581d89ff1e6400000f,15
56b0a5ba43ecd9f862000014,10
56c1384b28e99fb832000013,2
56c440d7f9ec2fe858000044,4
56c464c928f3a9bc0e000016,1
56cc34230,2
56cc34230641f51a0600000b,11
56cc90cda6017fa622000020,1
56cdcf7a5b32e2bd5700000e,12
56d04d9dbc1a2d860300004e,1
56d480052,1
56d4800520e81b541f00000b,3
56d5e7721,1
56d91008f,1
56d91008fe06cd6a2200000a,2
56e16a71e0feca571200001b,2
56e907f08ccf74bd22000024,3
56fd29bfe919f3e231000024,2
57024bb87,1
57038c8df70229cf2900000b,1
5704745024ebe70620000008,1
5706011ee90075954e000021,2
57104,39
57122,80
57180,4
571de51b3fcc597c3900002e,1
57288428dfafa5325b00004f,2
5729a5f2b565467926000020,1
572c4f49526ba12d3000002d,1
57354ad3bcd197075600001b,2
573d50ba3e7558bf03000058,1
57459,1
574eb4635d4752e23d0000a5,1
57524,1
57543,1
57556e9670ba80d42b0000b7,3
575827ea989fd25d79000076,1
57604,1
57688,1
576b70314c2024a02eadf175aeee90dd65d105c4,2
57714,1
577276118f5548e05400016a,1
57746,2
57761,1
57806,1
57820,34
5784ebcb84b25f293500008f,1
5784ebf160438fcc4f000073,1
57854,5
57937,30
57987,2
57999,44
58029,27
58082,1
58103,1
58253,1
58287,1
58320,4
58408,1
58411,1
58435,1
58751,1
58805,4
59072,3
59289,1
59308,1
59319,13
59385,2
59542,1
59606,1
5967a0e9241c8ff3ae30c43e79cca3889aacfb1c,1
59720,1
5a201ee6cf45fae62097c13e2110badbcc517551,2
5a8a723498f3aa583ae5ff77d1b064f3fca19ad3,1
5da9ad66f49f8714e38a83b765ffaf4c036aa54d,1
60077,1
60186,4
60301,2
60318,86
60475,10
60498,3
60617,1
60780,15
61088,2
61142,1
61143,20
61317,2
61378,12
61396,2
61404,1
61473,116
61791,2
61793,2
61816,7
61891,1
61948,5
62056,1
62064,2
62102,1
62125,4
62186,1
62213,1
62262,2
62289,1
62303,3
62365,2
62378,34
62680,1
62814,1
62874,1
63019,11
63140,1
63248,20
63255,21
63317,1
63367,125
63379,5
63417,49
63493,1
63563,1
63689,1
63729,1
63742,5
63885,2
63935,222
64004,4
64082,10
64137,164
64261,5
64310,2
64385,3
64405,1
64645,2
64934,1
65242,1
65355,39
65356,36
65470,1
65480,1
65501,3
65562,1
65840,2
65844,1
65952,1
66137,29
66164,4
66209,1
66213,1
66226,4
66357,1
66378,1
66438,4
66440,1
66515,1
66520,1
66674,15
66811,11
67045,1
67054,1
6733ce4e02b7ffbf0f51088e48d11406de6d7ec0,1
67922,82
67962,2
68135,1
68546,71
685d66ab56c8c1b5193ff51b48bc50eb08483a0d,5
68610,1
68673,1
68697,10
68718,8
68906,1
69110,1
69149,900
69347,3
69546,2
69567,14
69633,3
69872,18
69954,46
69984,1
6c9f9cf5b6ad9a289cbf2dc7874a536dd7fc6b7c,1
6d2121dce32bb9321358c11ff572bd970908a028,1
70063,3
70147,1
70154,1
70203,51
70537,1
70821,1
70913,3
70923,8
70961,2
70a95e567b49b1341aec37d76ec791cf1466a0a4,1
71069,1
71152,1
71166,1
71430,400
71445,3
71453,1
71460,1
71461,1
71503,5
71656,118
71749,1
71810,2
71865,4
71929,80
72062,19
72136,18
72177,5
72254,3
72345,2
72401f6d3b1f730b12c7f948b2225449e3c78f1a,1
72456,719
72467,3
7264f276e9-1373682198,1
7264f276e9-1373686997,1
72658,1
72732,6
72814,46
72825,9
72919,4
73018,1
73029,45
73070,1
73419,1
73473,5
73502,14
73524,5
73552,1
736740d52eafbe59ee76a90615f68579d7475881,1
73753,1
73968,3
74076,1
74218,75
74222,2
74274,1
74539,5
74629,6
74671,1
74688,2
74692,4
74695,1
74699,1
74701,1
74704,1
74708,1
74713,1
74729,2
74736,1
74995,1
75102,2
75139,102
75312c791b9a4257e20c0ba88510d9d0ceab470e,1
75361,1
75417,1
75451,1
75724,1
75764,13
75917,4
75981,1
76011,2
76057,3
76223,12
76251,1
76336,3
76371,1
76491,4
76657,1
767c1c76d1f838a8a0c88092f2773f3b6afabf07,5
76871,1
76972,2
76c4867dd75239887c0f47b44b5981cd,2
77098,11
77099,1
77113,4
77144,1
77172,1
77188,1
77206,20
77226,1
77228,1
77296,1
77434,1
77440,2
77451,7
77460,1
77465,1
77826,1
77841,1
77843,75
77887,1
77950,2
78092,2
78097,1
78178,2
78213,146
78313,6
78354,1
78459,1
78595,12
78602,1
78657,4
78789,1
78804,1
78816,1
78962,2
78965,1
79071,2
79188,1
79362,8
79448,14
79450,11
79478,7
79486,1
79541,1
79558,10
79657,1
79663,6
79689,3
79693,1
79778,1
79819,2
79822,1
79950,1
7beabefe3e2cb40e986e174ec63804c5ebe08ab9,1
7dcb439f7f26f7526eb6a195d396caae7849ed06,1
80031,1
80063,1
80076,4
80078,1
80087,1
80143,2
801c1559ab95ffb76c47e1bcbded01463b6f5d73,1
80607,4
80660,12
80691,1
80762,7
80851,3
80866,3
81023,1
81201,1
81255,1
8126160d4e35aedba4f5630877821e8d53857392,1
81265,11
81321,1
81348,3
81374,3
81424,2420
81425,1
81435,1
81596,6
81656,12
81688,4
81729,1
81834,3
81919,1
81982,45
82066,1
82099,2
82132,3
82146,1
82201,6
822549a8d409ade60ea97a958002803af322bc4f,1
82290,2
82326,1
82341,1
82398,2
823dceafeeb4a2190fb6be80a2cae22b28fce762,2
82414,2
82531,2
82678,11
82765,6
82807,1
82849,3
82861,1
82976,1
82998,1
83025,4
83043,2
83048,1
83085,2
83125,2
83137,6
83350,1
83397,2
83399,1
83410,5
83482,6
83550,10
83569,2
83571,1
83572,2
83619,180
83664,1
83745,1
83779,35
83780,1
83806,4
83856,1
83891,1
83896,1
83968,4
83985,6
84005,11
84027,1
84097,4
84147,4
84184,22
84261,91
84270,4
84311,1
84317,17
84336,86
84472,5
84477,2
84577,4
84611,5
84632,11
84706,1
84722,1
84814,1
84867,1
84909,82
84922,4
84afb7f1bea2b2d515b3abbbb6afc9a6e268b3d75fe0a9c9a6cf5694ca7edddbf1afb87a060b7152184605babf5f32ecf72d8817ac3cb3e51206b5541a6054c0db05e607422371a85cf4054051ef879ce56c815a038c5127e76aa62020dc8eab,1
85037,1
85089,2
85091,230
85101,25
85343,1
85442,10
85465,1
85476,2
85610,2
85631,1
85645,3
85646,8
85777,1
85787,3
85838,1
85945,1
85970,1
86030,1
86031,1
86034,3
86042,2
86139,2
86173,2
86192,1
86203,1
86210,72
86234,3
86348,1
86356,3
86428,3
86474,58
86662,1
86668,1
87107,3
87143,1
87275,11
87284,1
87549,1
87562,1
87571,2
88083,1
88086,1
88293,1
88382,1
88399,1
88631,1
88644,4
88647,3
88679,1
88687,2
88f1d8fb28e36ee92f294613db509f81,7
89010,1
89278,9
89285,9
89292,1
89308,1
89367,5
89489,5
89520,5
89522,26
89525,5
89526,2
89533,2
89542,5
89544,16
89773,7
89965,6
8b14c1d4e0b0af8bb5beb80631a3fca23b207e74,1
8cf95aa8d3bec18d715b7154d7f86ba0,1
8d9e6ea7407c1640edd12f80c096c71a79caa399,3
8e40e1713beff74c71e4bd6141a36f0272babd41,1
90168,1
90169,1
90254,45
90263,3
90303,2
90352,1
90399,1
90408,5
90526,1
90592,3
90839,2
90959615faece5bbfc3b539bd323b38c,1
90968,1
91072,6
91107,4
91122,1
91312,2
91327,3
91337,9
91482,1
91487,3
91496,1
91512,1
91528,1
91529,1
91537,4
91550,3
91578,5
91586,80
91670,4
91734,1
91798,14
91810,5
91836,1
91843,1
91928,310
91938,1
91940,2
91995,17
92000,32
92001,1
920435e4c9fca13e385c7564e2cbb60fa75fdb4cac5548646f1438022bf0e882389ffc1a7b50bcb785bfe3e10ddb7d278266e167a0216ec9d9cc33db67714edbc5eb85ccea2c4963bfe6d31a8544136bd6c3150ff95c8b2bc3192a41d82692fa,1
92063,1
92083,1
92137,16
92307,17
92308,1
923a72e104b8a7f506dcd788d898ded51755a7ab,1
92405,1
92454,1
92535,1
92602,2
92651,1
92661,12
92694,2
92735,4
92737,2
92749,21
92812,1
92855,6
92908,10
9294bef3d061ddab69bea735d140c61a2a3152f6,1
92987,1
92991,1
93,2
93018,26
93032,1
93061,3
93064,4
93097,1
930cc3b05fec53ac68dde283c3c353e30fbe3e07,1
93101,2
931c968610e09139e21f697026c88d2e1e742177,2
93225,2
93234,28
93254,30
93330,1
93368,15
93382,1
93445,1
93579,7
93612,3
93653,1
93692,2
93734,1
93803,24
93825,32
93843,1
93845,1
93902,2
93927,299
93945,1
94028,23
94031,99
94081,1
94084,2
94106,1
94120,1
94123,23
94307,1
943208e29dd203fb42c3704ab3ce7e5a0e108b02,1
94338,1
94365,2
94376,1
94470,1
94494,1
94510,1
94522c1da24201bb3f534e890c60aeff5ea71ead,1
94554,210
94624,2
94678,1
94692,2
94773,1
94775,2
94812,1
94816,1
94820,1
94853,213
94856,3
94924,7
95195,1
95213,3
95261,4
95421,1
95466,1
95489,26
956611113648,3
95735,1
95776,7
95807,1
95819,2
95920,3
95a35b909d626694aaf337535f0893140e8e75ea,2
96003,26
96090,2
96243,19
96294,1
96316,2
96394,1
96415,4
96425,6
96449,2
96469,4
96576,2
96629,1
96653,1
96752,1
96754,11
96764,4
96836,3
96844,2
96922,1
96941,236
97066,1
97145,4
97167,34
97319,1
97364,1
97375,2
97547,7
97559,78
97560,17
97562,1
97581,33
97675,3
97711,1
97789,1
97902,110
97998,5
97b0b990d8c6f07527121c2a927063b2536f482b,1
97e3d965d16b9e2e91e1100a485e8803,7
98007,24
98030,3
98100,6
98212,1
98256,1
98262,1
98264,1
98265,12
98429,42
98459,1
98472,77
98475,103
98611,1
98721,260
98724,1
98740,25
98749,2
98797,2
98912,1
98935,2
98972,5
98973,1
99071,3
99074,18
99105,1
99148,1
99171,68
99174,646
99194,2
991d41b6b4490330108a44bc455b72e59f0a65b8,1
99236,1
99335,447
99340,2
99557,10
99567,2
99575,1
99583,14
99593,2
99599,20
9a3ff134588d5ba10ee7e84f63b84ca484e577ae,1
9b2bf7ef0e8a99691dd0fe816545cf3dab8145f4,2
9b668417267c63294b4d68320d15384514a9eb69,1
9d10392c469af1311fbe424a796b371d4ab9f73e,1
9d7a35c0c745e26f8082a313e4b1e7025d46a537,5
9d9e4305d91b7bf7d0cbfd4dd9694530335fb76a,1
9e7a3f9e15b255acbed5597d5dbed3dcccc5d484,1
a1786c75f972d9a78bfefcc97b0daeb5,1
a1ec572b0dd31ca75b17cfef1deb9771a998808b,1
a38a6ec05b452e30ac6adff130293f659abb596d9774dc226ae95db10acc946d6ebd79b87c299f5f9055c7ec72b0c4aae333378d2103de119492296f030f380cd8a1ef0a9343033d663034544e367177fd6e8d8c4c3d8fc80462723cace61f06,2
a5ba7f4699eac8bbf0c14a5cf8ad7b5339a9e2e5,4
a607baed42,2
a75df6c1a270cd2eaff861355f110c1978a176db,1
a77e92064b50d18a58cdd0ae40aa51dd643889df,1
a7fdb8a6bcd546d65136dc39a6b5a83471ed8793,1
a8d60f01fed6bcc500e09d97fac8b6e9ef2bed0c,1
a96479f40baa0c55a85d3248abcbcd652bc9ff32,1
aa72e681b3e90aed3c1ff680cb759568b106faad,2
ae6ea8140898ac46907bf55351cd81e247581153,1
ae7acb801046a7570f4daf893aad329b385cfd5182876bd3dcdb8721dccc20fcf590e63579dc2a0d5c19b27f582dd1661c1539275564d422df189019df24083df5ec68e04bba75b3c9086f9456e9ca3bc5f59fff01348dfb3e128a91774d59d0,1
b01f44c508269663cabaadd03fc4d8ba2749ef13,3
b0a70a274c9f3ffde5aae6a7cc8c3f8d55d2c9f0,2
b0bdff641015ab855c0d84214b6fb5394dd22abf,1
b1d9f9efa14d64d6d8ef9ea41e95c01d86c2285a,1
b3971052728c3ac64b860e207ed24ddb0e5b2876,1
b6bbf4ddf8cb9eeaa1454cb1c50f5b2ce94b1b51,1
b7901559519ef9756babe6d9d30bd6ee5c0308f7,1
b7d34f0e3914a4fee1c3742f4c5fbeef,1
b98ecbc474f348e619f5ceeb923d4c3b5545b3077166f6058eba590cd873228f742b40924f09cc03e5ba1e485305be7762a291c4f14ad7dc5d5a3407d5356f9c78c10706517b2d0d71afb699137cb5432792736fa05a0eb48e724fd231cdf79d,1
b9ec990cf62a20ba13cc3633ce157a79d3649b4d,1
b9f2d1c8c514ca69603e3f3b57cdbbde74c435ef,1
b9f7137af81783a32b17e897a9dbed799e730db6,1
ba80cf6c595f49c4aea8c5bcddded619385a49e9,1
bcfbfb1172bb677dc03f95b926c28bb48bbd640f,1
be7c712978a10574b0b07ed1c118c279,1
beec3f57fa9fcd547c25e0c7e5a9d4efb6b44954,1
bf6fbde7b6bbf9f755e8e6c67067b39cc760fc79,1
c0fdddd0157e709d5a769529c6c403b56190323f,1
c13bc1a2c9484008434d62566e199bc474135e7b,2
c297a20a887c8bdad7c37e8a3a5653e96028ee03,6
c3a07bd5901823597c831f039db5b2b7,9
c4cf13b54565403bc1fcbcafb3fca843d11606bd,5
c78685604f9107f0990b397a4cc68062894f8cff,1
ca0967b15db233502e054c18a3727bca7d73dd78,1
ca22c73b0084c2b8eeab343b62d55bc9ff84f6bb,1
cdc1a66a1d1fdebaf5bd0eba55f049813050b37e,1
d4d04031dfcb0e378669970bd8730c853b1783b3,3
d4f68fe4ec1417a040edeca0c835410d00e8b6e5,1
dach_dml_android_video,1
dach_dml_ios_video,1
db3a5ad7d84cfc75cd8933afaf4d1f12,3
dbeeb58446964196d8f70f5b344e9244bc0a1569,3
dd8f7bb29037551af52f7f80201def4dda8d7cab,1
dmk_fb_ios_joint_us_v2,1
dmk_ios_aus_video,1
dml_ita_june16_android,1
dml_us_fb_f_ios_07.15.2016,1
e11f45caa7b9bf1897a983d8e9df0fb96944b5a8,1
e72b9294e3537148a7bacc06ceb09591b7a7312b,1
e8155b8ca61e090f925de746e3be8bc805e99ba9,1
e8de0b024545c24c4f8fd01582e592c097ff38c8,2
e99b423cf1db6ecbcf01b254a9413688,1
ecf8dafebc1a01a00904accc20de5cf7,17
edd21df7621fd58ae28054e233f50dc6b386e0a7,1
f05099cf8ca20192f8479887ecc2f114a36b6f41,1
f133f4ac5379cb6102feee1e3a3dfcef,1
f251b81657b89f4efd5f681ac0e5943b3afb51c5,1
f516e125a79365afcc158c7e3caf60df19efaee0,8
f52af84c8327e1dec583a637e6072d67934b16ea,2
f658dadd1f9883c0975fde75d0fc6fcfbcd8eafe,1
f6db27f26592d97d0d150a88267b58a56aeb6c85,1
fb340a48b4fce2f7f03bc36778756b148cc8e0fd,1
fb7c398ae43485c063f306cc0d507262263ffe75,1
fb9616e22ac33768a2c59d36123843ccbaa61b73,1
fcb50e29677198eb1b686b44d3959697352de1d2,1
fd8d4d8cd9b7dacb9a24731829ca9bd2bc69e598,2
fe27b4e8250d0be5b0cb007b0261775a1db3f3f3,3
fr_dml_android,2
fr_dml_ios_tiers1,1
sf_gp_kr,1
toutiao,61
wizzo,2
{campaignid},1
